file,line,type,commit,author,date,time,timezone,datetime,depth,length
style.css,1,css,ba16edf4,maxxyhc,2025-01-10,20:47:32,-08:00,2025-01-10T20:47:32-08:00,0,5
style.css,2,css,f392e6fe,maxxyhc,2025-01-30,23:51:01,-08:00,2025-01-30T23:51:01-08:00,0,47
style.css,3,css,2586f20f,maxxyhc,2025-01-17,18:58:06,-08:00,2025-01-17T18:58:06-08:00,0,14
style.css,4,css,2586f20f,maxxyhc,2025-01-17,18:58:06,-08:00,2025-01-17T18:58:06-08:00,0,19
style.css,5,css,2586f20f,maxxyhc,2025-01-17,18:58:06,-08:00,2025-01-17T18:58:06-08:00,0,16
style.css,6,css,2586f20f,maxxyhc,2025-01-17,18:58:06,-08:00,2025-01-17T18:58:06-08:00,0,34
style.css,7,css,2586f20f,maxxyhc,2025-01-17,18:58:06,-08:00,2025-01-17T18:58:06-08:00,0,16
style.css,8,css,2586f20f,maxxyhc,2025-01-17,18:58:06,-08:00,2025-01-17T18:58:06-08:00,0,13
style.css,9,css,f392e6fe,maxxyhc,2025-01-30,23:51:01,-08:00,2025-01-30T23:51:01-08:00,0,41
style.css,10,css,f392e6fe,maxxyhc,2025-01-30,23:51:01,-08:00,2025-01-30T23:51:01-08:00,0,24
style.css,11,css,2586f20f,maxxyhc,2025-01-17,18:58:06,-08:00,2025-01-17T18:58:06-08:00,0,0
style.css,12,css,2586f20f,maxxyhc,2025-01-17,18:58:06,-08:00,2025-01-17T18:58:06-08:00,0,0
style.css,13,css,2586f20f,maxxyhc,2025-01-17,18:58:06,-08:00,2025-01-17T18:58:06-08:00,0,5
style.css,14,css,2586f20f,maxxyhc,2025-01-17,18:58:06,-08:00,2025-01-17T18:58:06-08:00,0,63
style.css,15,css,2586f20f,maxxyhc,2025-01-17,18:58:06,-08:00,2025-01-17T18:58:06-08:00,0,19
style.css,16,css,2586f20f,maxxyhc,2025-01-17,18:58:06,-08:00,2025-01-17T18:58:06-08:00,0,40
style.css,17,css,2586f20f,maxxyhc,2025-01-17,18:58:06,-08:00,2025-01-17T18:58:06-08:00,0,12
style.css,18,css,2586f20f,maxxyhc,2025-01-17,18:58:06,-08:00,2025-01-17T18:58:06-08:00,0,16
style.css,19,css,2586f20f,maxxyhc,2025-01-17,18:58:06,-08:00,2025-01-17T18:58:06-08:00,0,16
style.css,20,css,2586f20f,maxxyhc,2025-01-17,18:58:06,-08:00,2025-01-17T18:58:06-08:00,0,18
style.css,21,css,2586f20f,maxxyhc,2025-01-17,18:58:06,-08:00,2025-01-17T18:58:06-08:00,0,0
style.css,22,css,2586f20f,maxxyhc,2025-01-17,18:58:06,-08:00,2025-01-17T18:58:06-08:00,0,0
style.css,23,css,2586f20f,maxxyhc,2025-01-17,18:58:06,-08:00,2025-01-17T18:58:06-08:00,0,0
style.css,24,css,2586f20f,maxxyhc,2025-01-17,18:58:06,-08:00,2025-01-17T18:58:06-08:00,0,14
style.css,25,css,2586f20f,maxxyhc,2025-01-17,18:58:06,-08:00,2025-01-17T18:58:06-08:00,0,17
style.css,26,css,2586f20f,maxxyhc,2025-01-17,18:58:06,-08:00,2025-01-17T18:58:06-08:00,0,0
style.css,27,css,2586f20f,maxxyhc,2025-01-17,18:58:06,-08:00,2025-01-17T18:58:06-08:00,0,0
style.css,28,css,2586f20f,maxxyhc,2025-01-17,18:58:06,-08:00,2025-01-17T18:58:06-08:00,0,0
style.css,29,css,2586f20f,maxxyhc,2025-01-17,18:58:06,-08:00,2025-01-17T18:58:06-08:00,0,4
style.css,30,css,f392e6fe,maxxyhc,2025-01-30,23:51:01,-08:00,2025-01-30T23:51:01-08:00,0,0
style.css,31,css,2586f20f,maxxyhc,2025-01-17,18:58:06,-08:00,2025-01-17T18:58:06-08:00,0,13
style.css,32,css,f392e6fe,maxxyhc,2025-01-30,23:51:01,-08:00,2025-01-30T23:51:01-08:00,0,40
style.css,33,css,f392e6fe,maxxyhc,2025-01-30,23:51:01,-08:00,2025-01-30T23:51:01-08:00,0,40
style.css,34,css,2586f20f,maxxyhc,2025-01-17,18:58:06,-08:00,2025-01-17T18:58:06-08:00,0,52
style.css,35,css,2586f20f,maxxyhc,2025-01-17,18:58:06,-08:00,2025-01-17T18:58:06-08:00,0,46
style.css,36,css,2586f20f,maxxyhc,2025-01-17,18:58:06,-08:00,2025-01-17T18:58:06-08:00,0,20
style.css,37,css,2586f20f,maxxyhc,2025-01-17,18:58:06,-08:00,2025-01-17T18:58:06-08:00,0,49
style.css,38,css,2586f20f,maxxyhc,2025-01-17,18:58:06,-08:00,2025-01-17T18:58:06-08:00,0,0
style.css,39,css,2586f20f,maxxyhc,2025-01-17,18:58:06,-08:00,2025-01-17T18:58:06-08:00,0,0
style.css,40,css,2586f20f,maxxyhc,2025-01-17,18:58:06,-08:00,2025-01-17T18:58:06-08:00,0,41
style.css,41,css,2586f20f,maxxyhc,2025-01-17,18:58:06,-08:00,2025-01-17T18:58:06-08:00,0,5
style.css,42,css,2586f20f,maxxyhc,2025-01-17,18:58:06,-08:00,2025-01-17T18:58:06-08:00,0,45
style.css,43,css,2586f20f,maxxyhc,2025-01-17,18:58:06,-08:00,2025-01-17T18:58:06-08:00,0,46
style.css,44,css,2586f20f,maxxyhc,2025-01-17,18:58:06,-08:00,2025-01-17T18:58:06-08:00,0,45
style.css,45,css,2586f20f,maxxyhc,2025-01-17,18:58:06,-08:00,2025-01-17T18:58:06-08:00,0,54
style.css,46,css,2586f20f,maxxyhc,2025-01-17,18:58:06,-08:00,2025-01-17T18:58:06-08:00,0,14
style.css,47,css,2586f20f,maxxyhc,2025-01-17,18:58:06,-08:00,2025-01-17T18:58:06-08:00,0,45
style.css,48,css,2586f20f,maxxyhc,2025-01-17,18:58:06,-08:00,2025-01-17T18:58:06-08:00,0,36
style.css,49,css,2586f20f,maxxyhc,2025-01-17,18:58:06,-08:00,2025-01-17T18:58:06-08:00,0,34
style.css,50,css,2586f20f,maxxyhc,2025-01-17,18:58:06,-08:00,2025-01-17T18:58:06-08:00,0,0
style.css,51,css,2586f20f,maxxyhc,2025-01-17,18:58:06,-08:00,2025-01-17T18:58:06-08:00,0,12
style.css,52,css,2586f20f,maxxyhc,2025-01-17,18:58:06,-08:00,2025-01-17T18:58:06-08:00,0,79
style.css,53,css,2586f20f,maxxyhc,2025-01-17,18:58:06,-08:00,2025-01-17T18:58:06-08:00,0,80
style.css,54,css,2586f20f,maxxyhc,2025-01-17,18:58:06,-08:00,2025-01-17T18:58:06-08:00,0,0
style.css,55,css,2586f20f,maxxyhc,2025-01-17,18:58:06,-08:00,2025-01-17T18:58:06-08:00,0,0
style.css,56,css,2586f20f,maxxyhc,2025-01-17,18:58:06,-08:00,2025-01-17T18:58:06-08:00,0,14
style.css,57,css,2586f20f,maxxyhc,2025-01-17,18:58:06,-08:00,2025-01-17T18:58:06-08:00,0,61
style.css,58,css,2586f20f,maxxyhc,2025-01-17,18:58:06,-08:00,2025-01-17T18:58:06-08:00,0,67
style.css,59,css,2586f20f,maxxyhc,2025-01-17,18:58:06,-08:00,2025-01-17T18:58:06-08:00,0,0
style.css,60,css,2586f20f,maxxyhc,2025-01-17,18:58:06,-08:00,2025-01-17T18:58:06-08:00,0,0
style.css,61,css,2586f20f,maxxyhc,2025-01-17,18:58:06,-08:00,2025-01-17T18:58:06-08:00,0,6
style.css,62,css,2586f20f,maxxyhc,2025-01-17,18:58:06,-08:00,2025-01-17T18:58:06-08:00,0,66
style.css,63,css,f392e6fe,maxxyhc,2025-01-30,23:51:01,-08:00,2025-01-30T23:51:01-08:00,0,24
style.css,64,css,f392e6fe,maxxyhc,2025-01-30,23:51:01,-08:00,2025-01-30T23:51:01-08:00,0,0
style.css,65,css,f392e6fe,maxxyhc,2025-01-30,23:51:01,-08:00,2025-01-30T23:51:01-08:00,0,0
style.css,66,css,7cbad6bc,maxxyhc,2025-01-31,22:19:37,-08:00,2025-01-31T22:19:37-08:00,0,16
style.css,67,css,f392e6fe,maxxyhc,2025-01-30,23:51:01,-08:00,2025-01-30T23:51:01-08:00,0,21
style.css,68,css,f392e6fe,maxxyhc,2025-01-30,23:51:01,-08:00,2025-01-30T23:51:01-08:00,0,19
style.css,69,css,7cbad6bc,maxxyhc,2025-01-31,22:19:37,-08:00,2025-01-31T22:19:37-08:00,0,45
style.css,70,css,f392e6fe,maxxyhc,2025-01-30,23:51:01,-08:00,2025-01-30T23:51:01-08:00,0,21
style.css,71,css,f392e6fe,maxxyhc,2025-01-30,23:51:01,-08:00,2025-01-30T23:51:01-08:00,0,0
style.css,72,css,f392e6fe,maxxyhc,2025-01-30,23:51:01,-08:00,2025-01-30T23:51:01-08:00,0,12
style.css,73,css,f392e6fe,maxxyhc,2025-01-30,23:51:01,-08:00,2025-01-30T23:51:01-08:00,0,25
style.css,74,css,f392e6fe,maxxyhc,2025-01-30,23:51:01,-08:00,2025-01-30T23:51:01-08:00,0,73
style.css,75,css,f392e6fe,maxxyhc,2025-01-30,23:51:01,-08:00,2025-01-30T23:51:01-08:00,0,0
style.css,76,css,f392e6fe,maxxyhc,2025-01-30,23:51:01,-08:00,2025-01-30T23:51:01-08:00,0,0
style.css,77,css,f392e6fe,maxxyhc,2025-01-30,23:51:01,-08:00,2025-01-30T23:51:01-08:00,0,27
style.css,78,css,f392e6fe,maxxyhc,2025-01-30,23:51:01,-08:00,2025-01-30T23:51:01-08:00,0,46
style.css,79,css,f392e6fe,maxxyhc,2025-01-30,23:51:01,-08:00,2025-01-30T23:51:01-08:00,0,0
style.css,80,css,f392e6fe,maxxyhc,2025-01-30,23:51:01,-08:00,2025-01-30T23:51:01-08:00,0,0
style.css,81,css,f392e6fe,maxxyhc,2025-01-30,23:51:01,-08:00,2025-01-30T23:51:01-08:00,0,35
style.css,82,css,f392e6fe,maxxyhc,2025-01-30,23:51:01,-08:00,2025-01-30T23:51:01-08:00,0,28
style.css,83,css,f392e6fe,maxxyhc,2025-01-30,23:51:01,-08:00,2025-01-30T23:51:01-08:00,0,0
style.css,84,css,f392e6fe,maxxyhc,2025-01-30,23:51:01,-08:00,2025-01-30T23:51:01-08:00,0,0
style.css,85,css,f392e6fe,maxxyhc,2025-01-30,23:51:01,-08:00,2025-01-30T23:51:01-08:00,0,0
style.css,86,css,f392e6fe,maxxyhc,2025-01-30,23:51:01,-08:00,2025-01-30T23:51:01-08:00,0,49
style.css,87,css,f392e6fe,maxxyhc,2025-01-30,23:51:01,-08:00,2025-01-30T23:51:01-08:00,0,24
style.css,88,css,f392e6fe,maxxyhc,2025-01-30,23:51:01,-08:00,2025-01-30T23:51:01-08:00,0,14
style.css,89,css,2586f20f,maxxyhc,2025-01-17,18:58:06,-08:00,2025-01-17T18:58:06-08:00,0,0
style.css,90,css,f392e6fe,maxxyhc,2025-01-30,23:51:01,-08:00,2025-01-30T23:51:01-08:00,0,0
style.css,91,css,f392e6fe,maxxyhc,2025-01-30,23:51:01,-08:00,2025-01-30T23:51:01-08:00,0,24
style.css,92,css,f392e6fe,maxxyhc,2025-01-30,23:51:01,-08:00,2025-01-30T23:51:01-08:00,0,14
style.css,93,css,f392e6fe,maxxyhc,2025-01-30,23:51:01,-08:00,2025-01-30T23:51:01-08:00,0,0
style.css,94,css,f392e6fe,maxxyhc,2025-01-30,23:51:01,-08:00,2025-01-30T23:51:01-08:00,0,0
style.css,95,css,f392e6fe,maxxyhc,2025-01-30,23:51:01,-08:00,2025-01-30T23:51:01-08:00,0,31
style.css,96,css,f392e6fe,maxxyhc,2025-01-30,23:51:01,-08:00,2025-01-30T23:51:01-08:00,0,49
style.css,97,css,f392e6fe,maxxyhc,2025-01-30,23:51:01,-08:00,2025-01-30T23:51:01-08:00,0,0
style.css,98,css,f392e6fe,maxxyhc,2025-01-30,23:51:01,-08:00,2025-01-30T23:51:01-08:00,0,0
style.css,99,css,f392e6fe,maxxyhc,2025-01-30,23:51:01,-08:00,2025-01-30T23:51:01-08:00,0,16
style.css,100,css,f392e6fe,maxxyhc,2025-01-30,23:51:01,-08:00,2025-01-30T23:51:01-08:00,0,44
style.css,101,css,f392e6fe,maxxyhc,2025-01-30,23:51:01,-08:00,2025-01-30T23:51:01-08:00,0,49
style.css,102,css,f392e6fe,maxxyhc,2025-01-30,23:51:01,-08:00,2025-01-30T23:51:01-08:00,0,0
style.css,103,css,f392e6fe,maxxyhc,2025-01-30,23:51:01,-08:00,2025-01-30T23:51:01-08:00,0,0
style.css,104,css,f392e6fe,maxxyhc,2025-01-30,23:51:01,-08:00,2025-01-30T23:51:01-08:00,0,15
style.css,105,css,f392e6fe,maxxyhc,2025-01-30,23:51:01,-08:00,2025-01-30T23:51:01-08:00,0,36
style.css,106,css,f392e6fe,maxxyhc,2025-01-30,23:51:01,-08:00,2025-01-30T23:51:01-08:00,0,35
style.css,107,css,f392e6fe,maxxyhc,2025-01-30,23:51:01,-08:00,2025-01-30T23:51:01-08:00,0,38
style.css,108,css,f392e6fe,maxxyhc,2025-01-30,23:51:01,-08:00,2025-01-30T23:51:01-08:00,0,37
style.css,109,css,f392e6fe,maxxyhc,2025-01-30,23:51:01,-08:00,2025-01-30T23:51:01-08:00,0,47
style.css,110,css,f392e6fe,maxxyhc,2025-01-30,23:51:01,-08:00,2025-01-30T23:51:01-08:00,0,0
style.css,111,css,f392e6fe,maxxyhc,2025-01-30,23:51:01,-08:00,2025-01-30T23:51:01-08:00,0,0
style.css,112,css,2353b4c9,maxxyhc,2025-01-31,19:22:52,-08:00,2025-01-31T19:22:52-08:00,0,42
style.css,113,css,2353b4c9,maxxyhc,2025-01-31,19:22:52,-08:00,2025-01-31T19:22:52-08:00,0,30
style.css,114,css,2353b4c9,maxxyhc,2025-01-31,19:22:52,-08:00,2025-01-31T19:22:52-08:00,0,0
style.css,115,css,2353b4c9,maxxyhc,2025-01-31,19:22:52,-08:00,2025-01-31T19:22:52-08:00,0,0
style.css,116,css,f392e6fe,maxxyhc,2025-01-30,23:51:01,-08:00,2025-01-30T23:51:01-08:00,0,0
style.css,117,css,f392e6fe,maxxyhc,2025-01-30,23:51:01,-08:00,2025-01-30T23:51:01-08:00,0,0
style.css,118,css,f392e6fe,maxxyhc,2025-01-30,23:51:01,-08:00,2025-01-30T23:51:01-08:00,0,20
style.css,119,css,f392e6fe,maxxyhc,2025-01-30,23:51:01,-08:00,2025-01-30T23:51:01-08:00,0,18
style.css,120,css,f392e6fe,maxxyhc,2025-01-30,23:51:01,-08:00,2025-01-30T23:51:01-08:00,0,0
style.css,121,css,f392e6fe,maxxyhc,2025-01-30,23:51:01,-08:00,2025-01-30T23:51:01-08:00,0,0
style.css,122,css,2353b4c9,maxxyhc,2025-01-31,19:22:52,-08:00,2025-01-31T19:22:52-08:00,0,41
style.css,123,css,2353b4c9,maxxyhc,2025-01-31,19:22:52,-08:00,2025-01-31T19:22:52-08:00,0,29
style.css,124,css,2353b4c9,maxxyhc,2025-01-31,19:22:52,-08:00,2025-01-31T19:22:52-08:00,0,0
style.css,125,css,2353b4c9,maxxyhc,2025-01-31,19:22:52,-08:00,2025-01-31T19:22:52-08:00,0,0
style.css,126,css,f392e6fe,maxxyhc,2025-01-30,23:51:01,-08:00,2025-01-30T23:51:01-08:00,0,0
style.css,127,css,f392e6fe,maxxyhc,2025-01-30,23:51:01,-08:00,2025-01-30T23:51:01-08:00,0,14
style.css,128,css,f392e6fe,maxxyhc,2025-01-30,23:51:01,-08:00,2025-01-30T23:51:01-08:00,0,18
style.css,129,css,f392e6fe,maxxyhc,2025-01-30,23:51:01,-08:00,2025-01-30T23:51:01-08:00,0,9
style.css,130,css,f392e6fe,maxxyhc,2025-01-30,23:51:01,-08:00,2025-01-30T23:51:01-08:00,0,11
style.css,131,css,f392e6fe,maxxyhc,2025-01-30,23:51:01,-08:00,2025-01-30T23:51:01-08:00,0,14
style.css,132,css,f392e6fe,maxxyhc,2025-01-30,23:51:01,-08:00,2025-01-30T23:51:01-08:00,0,20
style.css,133,css,f392e6fe,maxxyhc,2025-01-30,23:51:01,-08:00,2025-01-30T23:51:01-08:00,0,24
style.css,134,css,f392e6fe,maxxyhc,2025-01-30,23:51:01,-08:00,2025-01-30T23:51:01-08:00,0,37
style.css,135,css,f392e6fe,maxxyhc,2025-01-30,23:51:01,-08:00,2025-01-30T23:51:01-08:00,0,0
style.css,136,css,f392e6fe,maxxyhc,2025-01-30,23:51:01,-08:00,2025-01-30T23:51:01-08:00,0,0
style.css,137,css,f392e6fe,maxxyhc,2025-01-30,23:51:01,-08:00,2025-01-30T23:51:01-08:00,0,0
style.css,138,css,2353b4c9,maxxyhc,2025-01-31,19:22:52,-08:00,2025-01-31T19:22:52-08:00,0,48
style.css,139,css,f392e6fe,maxxyhc,2025-01-30,23:51:01,-08:00,2025-01-30T23:51:01-08:00,0,21
style.css,140,css,f392e6fe,maxxyhc,2025-01-30,23:51:01,-08:00,2025-01-30T23:51:01-08:00,0,15
style.css,141,css,2353b4c9,maxxyhc,2025-01-31,19:22:52,-08:00,2025-01-31T19:22:52-08:00,0,29
style.css,142,css,f392e6fe,maxxyhc,2025-01-30,23:51:01,-08:00,2025-01-30T23:51:01-08:00,0,24
style.css,143,css,7cbad6bc,maxxyhc,2025-01-31,22:19:37,-08:00,2025-01-31T22:19:37-08:00,0,0
style.css,144,css,7cbad6bc,maxxyhc,2025-01-31,22:19:37,-08:00,2025-01-31T22:19:37-08:00,0,0
style.css,145,css,7cbad6bc,maxxyhc,2025-01-31,22:19:37,-08:00,2025-01-31T22:19:37-08:00,0,29
style.css,146,css,7cbad6bc,maxxyhc,2025-01-31,22:19:37,-08:00,2025-01-31T22:19:37-08:00,0,15
style.css,147,css,7cbad6bc,maxxyhc,2025-01-31,22:19:37,-08:00,2025-01-31T22:19:37-08:00,0,46
style.css,148,css,7cbad6bc,maxxyhc,2025-01-31,22:19:37,-08:00,2025-01-31T22:19:37-08:00,0,41
style.css,149,css,7cbad6bc,maxxyhc,2025-01-31,22:19:37,-08:00,2025-01-31T22:19:37-08:00,0,63
style.css,150,css,7cbad6bc,maxxyhc,2025-01-31,22:19:37,-08:00,2025-01-31T22:19:37-08:00,0,48
style.css,151,css,7cbad6bc,maxxyhc,2025-01-31,22:19:37,-08:00,2025-01-31T22:19:37-08:00,0,21
style.css,152,css,7cbad6bc,maxxyhc,2025-01-31,22:19:37,-08:00,2025-01-31T22:19:37-08:00,0,67
style.css,153,css,7cbad6bc,maxxyhc,2025-01-31,22:19:37,-08:00,2025-01-31T22:19:37-08:00,0,0
style.css,154,css,7cbad6bc,maxxyhc,2025-01-31,22:19:37,-08:00,2025-01-31T22:19:37-08:00,0,0
style.css,155,css,7cbad6bc,maxxyhc,2025-01-31,22:19:37,-08:00,2025-01-31T22:19:37-08:00,0,18
style.css,156,css,7cbad6bc,maxxyhc,2025-01-31,22:19:37,-08:00,2025-01-31T22:19:37-08:00,0,13
style.css,157,css,7cbad6bc,maxxyhc,2025-01-31,22:19:37,-08:00,2025-01-31T22:19:37-08:00,0,59
style.css,158,css,7cbad6bc,maxxyhc,2025-01-31,22:19:37,-08:00,2025-01-31T22:19:37-08:00,0,9
style.css,159,css,7cbad6bc,maxxyhc,2025-01-31,22:19:37,-08:00,2025-01-31T22:19:37-08:00,0,18
style.css,160,css,7cbad6bc,maxxyhc,2025-01-31,22:19:37,-08:00,2025-01-31T22:19:37-08:00,0,0
style.css,161,css,7cbad6bc,maxxyhc,2025-01-31,22:19:37,-08:00,2025-01-31T22:19:37-08:00,0,0
style.css,162,css,7cbad6bc,maxxyhc,2025-01-31,22:19:37,-08:00,2025-01-31T22:19:37-08:00,0,18
style.css,163,css,7cbad6bc,maxxyhc,2025-01-31,22:19:37,-08:00,2025-01-31T22:19:37-08:00,0,53
style.css,164,css,7cbad6bc,maxxyhc,2025-01-31,22:19:37,-08:00,2025-01-31T22:19:37-08:00,0,17
style.css,165,css,7cbad6bc,maxxyhc,2025-01-31,22:19:37,-08:00,2025-01-31T22:19:37-08:00,0,17
style.css,166,css,7cbad6bc,maxxyhc,2025-01-31,22:19:37,-08:00,2025-01-31T22:19:37-08:00,0,0
style.css,167,css,7cbad6bc,maxxyhc,2025-01-31,22:19:37,-08:00,2025-01-31T22:19:37-08:00,0,0
style.css,168,css,7cbad6bc,maxxyhc,2025-01-31,22:19:37,-08:00,2025-01-31T22:19:37-08:00,0,18
style.css,169,css,7cbad6bc,maxxyhc,2025-01-31,22:19:37,-08:00,2025-01-31T22:19:37-08:00,0,54
style.css,170,css,7cbad6bc,maxxyhc,2025-01-31,22:19:37,-08:00,2025-01-31T22:19:37-08:00,0,15
style.css,171,css,7cbad6bc,maxxyhc,2025-01-31,22:19:37,-08:00,2025-01-31T22:19:37-08:00,0,9
style.css,172,css,7cbad6bc,maxxyhc,2025-01-31,22:19:37,-08:00,2025-01-31T22:19:37-08:00,0,0
style.css,173,css,7cbad6bc,maxxyhc,2025-01-31,22:19:37,-08:00,2025-01-31T22:19:37-08:00,0,0
style.css,174,css,7cbad6bc,maxxyhc,2025-01-31,22:19:37,-08:00,2025-01-31T22:19:37-08:00,0,10
style.css,175,css,7cbad6bc,maxxyhc,2025-01-31,22:19:37,-08:00,2025-01-31T22:19:37-08:00,0,13
style.css,176,css,7cbad6bc,maxxyhc,2025-01-31,22:19:37,-08:00,2025-01-31T22:19:37-08:00,0,88
style.css,177,css,7cbad6bc,maxxyhc,2025-01-31,22:19:37,-08:00,2025-01-31T22:19:37-08:00,0,38
style.css,178,css,7cbad6bc,maxxyhc,2025-01-31,22:19:37,-08:00,2025-01-31T22:19:37-08:00,0,10
style.css,179,css,7cbad6bc,maxxyhc,2025-01-31,22:19:37,-08:00,2025-01-31T22:19:37-08:00,0,16
style.css,180,css,7cbad6bc,maxxyhc,2025-01-31,22:19:37,-08:00,2025-01-31T22:19:37-08:00,0,12
style.css,181,css,7cbad6bc,maxxyhc,2025-01-31,22:19:37,-08:00,2025-01-31T22:19:37-08:00,0,0
style.css,182,css,7cbad6bc,maxxyhc,2025-01-31,22:19:37,-08:00,2025-01-31T22:19:37-08:00,0,0
style.css,183,css,7cbad6bc,maxxyhc,2025-01-31,22:19:37,-08:00,2025-01-31T22:19:37-08:00,0,48
style.css,184,css,7cbad6bc,maxxyhc,2025-01-31,22:19:37,-08:00,2025-01-31T22:19:37-08:00,0,18
style.css,185,css,7cbad6bc,maxxyhc,2025-01-31,22:19:37,-08:00,2025-01-31T22:19:37-08:00,0,10
style.css,186,css,7cbad6bc,maxxyhc,2025-01-31,22:19:37,-08:00,2025-01-31T22:19:37-08:00,0,16
style.css,187,css,7cbad6bc,maxxyhc,2025-01-31,22:19:37,-08:00,2025-01-31T22:19:37-08:00,0,36
style.css,188,css,7cbad6bc,maxxyhc,2025-01-31,22:19:37,-08:00,2025-01-31T22:19:37-08:00,0,12
style.css,189,css,7cbad6bc,maxxyhc,2025-01-31,22:19:37,-08:00,2025-01-31T22:19:37-08:00,0,67
style.css,190,css,7cbad6bc,maxxyhc,2025-01-31,22:19:37,-08:00,2025-01-31T22:19:37-08:00,0,0
style.css,191,css,7cbad6bc,maxxyhc,2025-01-31,22:19:37,-08:00,2025-01-31T22:19:37-08:00,0,0
style.css,192,css,7cbad6bc,maxxyhc,2025-01-31,22:19:37,-08:00,2025-01-31T22:19:37-08:00,0,14
style.css,193,css,7cbad6bc,maxxyhc,2025-01-31,22:19:37,-08:00,2025-01-31T22:19:37-08:00,0,15
style.css,194,css,7cbad6bc,maxxyhc,2025-01-31,22:19:37,-08:00,2025-01-31T22:19:37-08:00,0,12
style.css,195,css,7cbad6bc,maxxyhc,2025-01-31,22:19:37,-08:00,2025-01-31T22:19:37-08:00,0,41
style.css,196,css,7cbad6bc,maxxyhc,2025-01-31,22:19:37,-08:00,2025-01-31T22:19:37-08:00,0,0
style.css,197,css,7cbad6bc,maxxyhc,2025-01-31,22:19:37,-08:00,2025-01-31T22:19:37-08:00,0,0
style.css,198,css,7cbad6bc,maxxyhc,2025-01-31,22:19:37,-08:00,2025-01-31T22:19:37-08:00,0,13
style.css,199,css,7cbad6bc,maxxyhc,2025-01-31,22:19:37,-08:00,2025-01-31T22:19:37-08:00,0,17
style.css,200,css,7cbad6bc,maxxyhc,2025-01-31,22:19:37,-08:00,2025-01-31T22:19:37-08:00,0,16
style.css,201,css,7cbad6bc,maxxyhc,2025-01-31,22:19:37,-08:00,2025-01-31T22:19:37-08:00,0,0
style.css,202,css,7cbad6bc,maxxyhc,2025-01-31,22:19:37,-08:00,2025-01-31T22:19:37-08:00,0,0
style.css,203,css,7cbad6bc,maxxyhc,2025-01-31,22:19:37,-08:00,2025-01-31T22:19:37-08:00,0,12
style.css,204,css,7cbad6bc,maxxyhc,2025-01-31,22:19:37,-08:00,2025-01-31T22:19:37-08:00,0,15
style.css,205,css,7cbad6bc,maxxyhc,2025-01-31,22:19:37,-08:00,2025-01-31T22:19:37-08:00,0,16
style.css,206,css,7cbad6bc,maxxyhc,2025-01-31,22:19:37,-08:00,2025-01-31T22:19:37-08:00,0,0
style.css,207,css,cf118aa6,maxxyhc,2025-02-12,12:35:00,-08:00,2025-02-12T12:35:00-08:00,0,0
style.css,208,css,cf118aa6,maxxyhc,2025-02-12,12:35:00,-08:00,2025-02-12T12:35:00-08:00,0,33
style.css,209,css,cf118aa6,maxxyhc,2025-02-12,12:35:00,-08:00,2025-02-12T12:35:00-08:00,0,14
style.css,210,css,cf118aa6,maxxyhc,2025-02-12,12:35:00,-08:00,2025-02-12T12:35:00-08:00,0,18
style.css,211,css,cf118aa6,maxxyhc,2025-02-12,12:35:00,-08:00,2025-02-12T12:35:00-08:00,0,11
style.css,212,css,cf118aa6,maxxyhc,2025-02-12,12:35:00,-08:00,2025-02-12T12:35:00-08:00,0,12
style.css,213,css,cf118aa6,maxxyhc,2025-02-12,12:35:00,-08:00,2025-02-12T12:35:00-08:00,0,17
style.css,214,css,cf118aa6,maxxyhc,2025-02-12,12:35:00,-08:00,2025-02-12T12:35:00-08:00,0,15
style.css,215,css,cf118aa6,maxxyhc,2025-02-12,12:35:00,-08:00,2025-02-12T12:35:00-08:00,0,0
index.js,1,js,7cbad6bc,maxxyhc,2025-01-31,22:19:37,-08:00,2025-01-31T22:19:37-08:00,0,71
index.js,2,js,2353b4c9,maxxyhc,2025-01-31,19:22:52,-08:00,2025-01-31T19:22:52-08:00,0,0
index.js,3,js,2353b4c9,maxxyhc,2025-01-31,19:22:52,-08:00,2025-01-31T19:22:52-08:00,0,55
index.js,4,js,2353b4c9,maxxyhc,2025-01-31,19:22:52,-08:00,2025-01-31T19:22:52-08:00,0,43
index.js,5,js,2353b4c9,maxxyhc,2025-01-31,19:22:52,-08:00,2025-01-31T19:22:52-08:00,0,61
index.js,6,js,2353b4c9,maxxyhc,2025-01-31,19:22:52,-08:00,2025-01-31T19:22:52-08:00,0,0
index.js,7,js,7cbad6bc,maxxyhc,2025-01-31,22:19:37,-08:00,2025-01-31T22:19:37-08:00,0,17
index.js,8,js,7cbad6bc,maxxyhc,2025-01-31,22:19:37,-08:00,2025-01-31T22:19:37-08:00,0,55
index.js,9,js,7cbad6bc,maxxyhc,2025-01-31,22:19:37,-08:00,2025-01-31T22:19:37-08:00,0,27
index.js,10,js,7cbad6bc,maxxyhc,2025-01-31,22:19:37,-08:00,2025-01-31T22:19:37-08:00,0,47
index.js,11,js,7cbad6bc,maxxyhc,2025-01-31,22:19:37,-08:00,2025-01-31T22:19:37-08:00,0,87
index.js,12,js,7cbad6bc,maxxyhc,2025-01-31,22:19:37,-08:00,2025-01-31T22:19:37-08:00,0,59
index.js,13,js,7cbad6bc,maxxyhc,2025-01-31,22:19:37,-08:00,2025-01-31T22:19:37-08:00,0,23
index.js,14,js,7cbad6bc,maxxyhc,2025-01-31,22:19:37,-08:00,2025-01-31T22:19:37-08:00,0,0
index.js,15,js,7cbad6bc,maxxyhc,2025-01-31,22:19:37,-08:00,2025-01-31T22:19:37-08:00,0,0
index.js,16,js,7cbad6bc,maxxyhc,2025-01-31,22:19:37,-08:00,2025-01-31T22:19:37-08:00,0,61
index.js,17,js,7cbad6bc,maxxyhc,2025-01-31,22:19:37,-08:00,2025-01-31T22:19:37-08:00,0,18
index.js,18,js,7cbad6bc,maxxyhc,2025-01-31,22:19:37,-08:00,2025-01-31T22:19:37-08:00,0,25
index.js,19,js,7cbad6bc,maxxyhc,2025-01-31,22:19:37,-08:00,2025-01-31T22:19:37-08:00,0,3
index.js,20,js,7cbad6bc,maxxyhc,2025-01-31,22:19:37,-08:00,2025-01-31T22:19:37-08:00,0,56
index.js,21,js,7cbad6bc,maxxyhc,2025-01-31,22:19:37,-08:00,2025-01-31T22:19:37-08:00,0,56
index.js,22,js,7cbad6bc,maxxyhc,2025-01-31,22:19:37,-08:00,2025-01-31T22:19:37-08:00,0,50
index.js,23,js,7cbad6bc,maxxyhc,2025-01-31,22:19:37,-08:00,2025-01-31T22:19:37-08:00,0,50
index.js,24,js,7cbad6bc,maxxyhc,2025-01-31,22:19:37,-08:00,2025-01-31T22:19:37-08:00,0,4
index.js,25,js,7cbad6bc,maxxyhc,2025-01-31,22:19:37,-08:00,2025-01-31T22:19:37-08:00,0,1
index.js,26,js,7cbad6bc,maxxyhc,2025-01-31,22:19:37,-08:00,2025-01-31T22:19:37-08:00,0,0
index.html,1,html,96bc4d4b,maxxyhc,2025-01-10,13:55:00,-08:00,2025-01-10T13:55:00-08:00,0,14
index.html,2,html,f392e6fe,maxxyhc,2025-01-30,23:51:01,-08:00,2025-01-30T23:51:01-08:00,0,47
index.html,3,html,96bc4d4b,maxxyhc,2025-01-10,13:55:00,-08:00,2025-01-10T13:55:00-08:00,0,5
index.html,4,html,96bc4d4b,maxxyhc,2025-01-10,13:55:00,-08:00,2025-01-10T13:55:00-08:00,0,21
index.html,5,html,96bc4d4b,maxxyhc,2025-01-10,13:55:00,-08:00,2025-01-10T13:55:00-08:00,0,69
index.html,6,html,96bc4d4b,maxxyhc,2025-01-10,13:55:00,-08:00,2025-01-10T13:55:00-08:00,0,50
index.html,7,html,ba16edf4,maxxyhc,2025-01-10,20:47:32,-08:00,2025-01-10T20:47:32-08:00,0,39
index.html,8,html,f392e6fe,maxxyhc,2025-01-30,23:51:01,-08:00,2025-01-30T23:51:01-08:00,0,46
index.html,9,html,2353b4c9,maxxyhc,2025-01-31,19:22:52,-08:00,2025-01-31T19:22:52-08:00,0,51
index.html,10,html,96bc4d4b,maxxyhc,2025-01-10,13:55:00,-08:00,2025-01-10T13:55:00-08:00,0,6
index.html,11,html,2586f20f,maxxyhc,2025-01-17,18:58:06,-08:00,2025-01-17T18:58:06-08:00,0,0
index.html,12,html,96bc4d4b,maxxyhc,2025-01-10,13:55:00,-08:00,2025-01-10T13:55:00-08:00,0,5
index.html,13,html,f392e6fe,maxxyhc,2025-01-30,23:51:01,-08:00,2025-01-30T23:51:01-08:00,0,9
index.html,14,html,f392e6fe,maxxyhc,2025-01-30,23:51:01,-08:00,2025-01-30T23:51:01-08:00,0,28
index.html,15,html,2586f20f,maxxyhc,2025-01-17,18:58:06,-08:00,2025-01-17T18:58:06-08:00,0,41
index.html,16,html,2586f20f,maxxyhc,2025-01-17,18:58:06,-08:00,2025-01-17T18:58:06-08:00,0,39
index.html,17,html,2586f20f,maxxyhc,2025-01-17,18:58:06,-08:00,2025-01-17T18:58:06-08:00,0,37
index.html,18,html,f392e6fe,maxxyhc,2025-01-30,23:51:01,-08:00,2025-01-30T23:51:01-08:00,0,9
index.html,19,html,ba16edf4,maxxyhc,2025-01-10,20:47:32,-08:00,2025-01-10T20:47:32-08:00,0,0
index.html,20,html,2586f20f,maxxyhc,2025-01-17,18:58:06,-08:00,2025-01-17T18:58:06-08:00,0,5
index.html,21,html,2586f20f,maxxyhc,2025-01-17,18:58:06,-08:00,2025-01-17T18:58:06-08:00,0,34
index.html,22,html,2586f20f,maxxyhc,2025-01-17,18:58:06,-08:00,2025-01-17T18:58:06-08:00,0,73
index.html,23,html,2586f20f,maxxyhc,2025-01-17,18:58:06,-08:00,2025-01-17T18:58:06-08:00,0,94
index.html,24,html,2586f20f,maxxyhc,2025-01-17,18:58:06,-08:00,2025-01-17T18:58:06-08:00,0,76
index.html,25,html,2586f20f,maxxyhc,2025-01-17,18:58:06,-08:00,2025-01-17T18:58:06-08:00,0,76
index.html,26,html,2586f20f,maxxyhc,2025-01-17,18:58:06,-08:00,2025-01-17T18:58:06-08:00,0,0
index.html,27,html,2586f20f,maxxyhc,2025-01-17,18:58:06,-08:00,2025-01-17T18:58:06-08:00,0,0
index.html,28,html,2586f20f,maxxyhc,2025-01-17,18:58:06,-08:00,2025-01-17T18:58:06-08:00,0,2
index.html,29,html,2586f20f,maxxyhc,2025-01-17,18:58:06,-08:00,2025-01-17T18:58:06-08:00,0,100
index.html,30,html,2586f20f,maxxyhc,2025-01-17,18:58:06,-08:00,2025-01-17T18:58:06-08:00,0,3
index.html,31,html,2353b4c9,maxxyhc,2025-01-31,19:22:52,-08:00,2025-01-31T19:22:52-08:00,0,0
index.html,32,html,7cbad6bc,maxxyhc,2025-01-31,22:19:37,-08:00,2025-01-31T22:19:37-08:00,0,23
index.html,33,html,2353b4c9,maxxyhc,2025-01-31,19:22:52,-08:00,2025-01-31T19:22:52-08:00,0,21
index.html,34,html,2353b4c9,maxxyhc,2025-01-31,19:22:52,-08:00,2025-01-31T19:22:52-08:00,0,50
index.html,35,html,2353b4c9,maxxyhc,2025-01-31,19:22:52,-08:00,2025-01-31T19:22:52-08:00,0,5
index.html,36,html,7cbad6bc,maxxyhc,2025-01-31,22:19:37,-08:00,2025-01-31T22:19:37-08:00,0,0
index.html,37,html,7cbad6bc,maxxyhc,2025-01-31,22:19:37,-08:00,2025-01-31T22:19:37-08:00,0,28
index.html,38,html,7cbad6bc,maxxyhc,2025-01-31,22:19:37,-08:00,2025-01-31T22:19:37-08:00,0,23
index.html,39,html,7cbad6bc,maxxyhc,2025-01-31,22:19:37,-08:00,2025-01-31T22:19:37-08:00,0,23
index.html,40,html,7cbad6bc,maxxyhc,2025-01-31,22:19:37,-08:00,2025-01-31T22:19:37-08:00,0,49
index.html,41,html,7cbad6bc,maxxyhc,2025-01-31,22:19:37,-08:00,2025-01-31T22:19:37-08:00,0,5
index.html,42,html,7cbad6bc,maxxyhc,2025-01-31,22:19:37,-08:00,2025-01-31T22:19:37-08:00,0,0
index.html,43,html,2586f20f,maxxyhc,2025-01-17,18:58:06,-08:00,2025-01-17T18:58:06-08:00,0,6
index.html,44,html,2586f20f,maxxyhc,2025-01-17,18:58:06,-08:00,2025-01-17T18:58:06-08:00,0,0
index.html,45,html,ba16edf4,maxxyhc,2025-01-10,20:47:32,-08:00,2025-01-10T20:47:32-08:00,0,0
index.html,46,html,96bc4d4b,maxxyhc,2025-01-10,13:55:00,-08:00,2025-01-10T13:55:00-08:00,0,6
index.html,47,html,96bc4d4b,maxxyhc,2025-01-10,13:55:00,-08:00,2025-01-10T13:55:00-08:00,0,6
global.js,1,js,f392e6fe,maxxyhc,2025-01-30,23:51:01,-08:00,2025-01-30T23:51:01-08:00,0,26
global.js,2,js,f392e6fe,maxxyhc,2025-01-30,23:51:01,-08:00,2025-01-30T23:51:01-08:00,0,0
global.js,3,js,f392e6fe,maxxyhc,2025-01-30,23:51:01,-08:00,2025-01-30T23:51:01-08:00,0,42
global.js,4,js,f392e6fe,maxxyhc,2025-01-30,23:51:01,-08:00,2025-01-30T23:51:01-08:00,0,53
global.js,5,js,f392e6fe,maxxyhc,2025-01-30,23:51:01,-08:00,2025-01-30T23:51:01-08:00,0,0
global.js,6,js,f392e6fe,maxxyhc,2025-01-30,23:51:01,-08:00,2025-01-30T23:51:01-08:00,0,0
global.js,7,js,f392e6fe,maxxyhc,2025-01-30,23:51:01,-08:00,2025-01-30T23:51:01-08:00,0,45
global.js,8,js,f392e6fe,maxxyhc,2025-01-30,23:51:01,-08:00,2025-01-30T23:51:01-08:00,0,31
global.js,9,js,f392e6fe,maxxyhc,2025-01-30,23:51:01,-08:00,2025-01-30T23:51:01-08:00,0,0
global.js,10,js,f392e6fe,maxxyhc,2025-01-30,23:51:01,-08:00,2025-01-30T23:51:01-08:00,0,55
global.js,11,js,f392e6fe,maxxyhc,2025-01-30,23:51:01,-08:00,2025-01-30T23:51:01-08:00,0,34
global.js,12,js,f392e6fe,maxxyhc,2025-01-30,23:51:01,-08:00,2025-01-30T23:51:01-08:00,0,73
global.js,13,js,f392e6fe,maxxyhc,2025-01-30,23:51:01,-08:00,2025-01-30T23:51:01-08:00,0,6
global.js,14,js,f392e6fe,maxxyhc,2025-01-30,23:51:01,-08:00,2025-01-30T23:51:01-08:00,0,88
global.js,15,js,f392e6fe,maxxyhc,2025-01-30,23:51:01,-08:00,2025-01-30T23:51:01-08:00,0,40
global.js,16,js,f392e6fe,maxxyhc,2025-01-30,23:51:01,-08:00,2025-01-30T23:51:01-08:00,0,0
global.js,17,js,f392e6fe,maxxyhc,2025-01-30,23:51:01,-08:00,2025-01-30T23:51:01-08:00,0,12
global.js,18,js,f392e6fe,maxxyhc,2025-01-30,23:51:01,-08:00,2025-01-30T23:51:01-08:00,0,36
global.js,19,js,f392e6fe,maxxyhc,2025-01-30,23:51:01,-08:00,2025-01-30T23:51:01-08:00,0,49
global.js,20,js,f392e6fe,maxxyhc,2025-01-30,23:51:01,-08:00,2025-01-30T23:51:01-08:00,0,47
global.js,21,js,f392e6fe,maxxyhc,2025-01-30,23:51:01,-08:00,2025-01-30T23:51:01-08:00,0,45
global.js,22,js,f392e6fe,maxxyhc,2025-01-30,23:51:01,-08:00,2025-01-30T23:51:01-08:00,0,52
global.js,23,js,f392e6fe,maxxyhc,2025-01-30,23:51:01,-08:00,2025-01-30T23:51:01-08:00,0,1
global.js,24,js,f392e6fe,maxxyhc,2025-01-30,23:51:01,-08:00,2025-01-30T23:51:01-08:00,0,0
global.js,25,js,f392e6fe,maxxyhc,2025-01-30,23:51:01,-08:00,2025-01-30T23:51:01-08:00,0,39
global.js,26,js,f392e6fe,maxxyhc,2025-01-30,23:51:01,-08:00,2025-01-30T23:51:01-08:00,0,26
global.js,27,js,f392e6fe,maxxyhc,2025-01-30,23:51:01,-08:00,2025-01-30T23:51:01-08:00,0,0
global.js,28,js,f392e6fe,maxxyhc,2025-01-30,23:51:01,-08:00,2025-01-30T23:51:01-08:00,0,34
global.js,29,js,f392e6fe,maxxyhc,2025-01-30,23:51:01,-08:00,2025-01-30T23:51:01-08:00,0,71
global.js,30,js,f392e6fe,maxxyhc,2025-01-30,23:51:01,-08:00,2025-01-30T23:51:01-08:00,0,0
global.js,31,js,f392e6fe,maxxyhc,2025-01-30,23:51:01,-08:00,2025-01-30T23:51:01-08:00,0,57
global.js,32,js,f392e6fe,maxxyhc,2025-01-30,23:51:01,-08:00,2025-01-30T23:51:01-08:00,0,19
global.js,33,js,f392e6fe,maxxyhc,2025-01-30,23:51:01,-08:00,2025-01-30T23:51:01-08:00,0,15
global.js,34,js,f392e6fe,maxxyhc,2025-01-30,23:51:01,-08:00,2025-01-30T23:51:01-08:00,0,19
global.js,35,js,f392e6fe,maxxyhc,2025-01-30,23:51:01,-08:00,2025-01-30T23:51:01-08:00,0,0
global.js,36,js,f392e6fe,maxxyhc,2025-01-30,23:51:01,-08:00,2025-01-30T23:51:01-08:00,0,33
global.js,37,js,f392e6fe,maxxyhc,2025-01-30,23:51:01,-08:00,2025-01-30T23:51:01-08:00,0,65
global.js,38,js,f392e6fe,maxxyhc,2025-01-30,23:51:01,-08:00,2025-01-30T23:51:01-08:00,0,0
global.js,39,js,f392e6fe,maxxyhc,2025-01-30,23:51:01,-08:00,2025-01-30T23:51:01-08:00,0,35
global.js,40,js,f392e6fe,maxxyhc,2025-01-30,23:51:01,-08:00,2025-01-30T23:51:01-08:00,0,12
global.js,41,js,f392e6fe,maxxyhc,2025-01-30,23:51:01,-08:00,2025-01-30T23:51:01-08:00,0,21
global.js,42,js,f392e6fe,maxxyhc,2025-01-30,23:51:01,-08:00,2025-01-30T23:51:01-08:00,0,13
global.js,43,js,f392e6fe,maxxyhc,2025-01-30,23:51:01,-08:00,2025-01-30T23:51:01-08:00,0,0
global.js,44,js,f392e6fe,maxxyhc,2025-01-30,23:51:01,-08:00,2025-01-30T23:51:01-08:00,0,18
global.js,45,js,f392e6fe,maxxyhc,2025-01-30,23:51:01,-08:00,2025-01-30T23:51:01-08:00,0,9
global.js,46,js,f392e6fe,maxxyhc,2025-01-30,23:51:01,-08:00,2025-01-30T23:51:01-08:00,0,59
global.js,47,js,f392e6fe,maxxyhc,2025-01-30,23:51:01,-08:00,2025-01-30T23:51:01-08:00,0,1
global.js,48,js,f392e6fe,maxxyhc,2025-01-30,23:51:01,-08:00,2025-01-30T23:51:01-08:00,0,0
global.js,49,js,f392e6fe,maxxyhc,2025-01-30,23:51:01,-08:00,2025-01-30T23:51:01-08:00,0,34
global.js,50,js,f392e6fe,maxxyhc,2025-01-30,23:51:01,-08:00,2025-01-30T23:51:01-08:00,0,30
global.js,51,js,f392e6fe,maxxyhc,2025-01-30,23:51:01,-08:00,2025-01-30T23:51:01-08:00,0,19
global.js,52,js,f392e6fe,maxxyhc,2025-01-30,23:51:01,-08:00,2025-01-30T23:51:01-08:00,0,0
global.js,53,js,f392e6fe,maxxyhc,2025-01-30,23:51:01,-08:00,2025-01-30T23:51:01-08:00,0,0
global.js,54,js,f392e6fe,maxxyhc,2025-01-30,23:51:01,-08:00,2025-01-30T23:51:01-08:00,0,0
global.js,55,js,f392e6fe,maxxyhc,2025-01-30,23:51:01,-08:00,2025-01-30T23:51:01-08:00,0,32
global.js,56,js,f392e6fe,maxxyhc,2025-01-30,23:51:01,-08:00,2025-01-30T23:51:01-08:00,0,12
global.js,57,js,f392e6fe,maxxyhc,2025-01-30,23:51:01,-08:00,2025-01-30T23:51:01-08:00,0,0
global.js,58,js,f392e6fe,maxxyhc,2025-01-30,23:51:01,-08:00,2025-01-30T23:51:01-08:00,0,27
global.js,59,js,f392e6fe,maxxyhc,2025-01-30,23:51:01,-08:00,2025-01-30T23:51:01-08:00,0,5
global.js,60,js,f392e6fe,maxxyhc,2025-01-30,23:51:01,-08:00,2025-01-30T23:51:01-08:00,0,27
global.js,61,js,f392e6fe,maxxyhc,2025-01-30,23:51:01,-08:00,2025-01-30T23:51:01-08:00,0,38
global.js,62,js,f392e6fe,maxxyhc,2025-01-30,23:51:01,-08:00,2025-01-30T23:51:01-08:00,0,35
global.js,63,js,f392e6fe,maxxyhc,2025-01-30,23:51:01,-08:00,2025-01-30T23:51:01-08:00,0,33
global.js,64,js,f392e6fe,maxxyhc,2025-01-30,23:51:01,-08:00,2025-01-30T23:51:01-08:00,0,8
global.js,65,js,f392e6fe,maxxyhc,2025-01-30,23:51:01,-08:00,2025-01-30T23:51:01-08:00,0,7
global.js,66,js,f392e6fe,maxxyhc,2025-01-30,23:51:01,-08:00,2025-01-30T23:51:01-08:00,0,0
global.js,67,js,f392e6fe,maxxyhc,2025-01-30,23:51:01,-08:00,2025-01-30T23:51:01-08:00,0,1
global.js,68,js,f392e6fe,maxxyhc,2025-01-30,23:51:01,-08:00,2025-01-30T23:51:01-08:00,0,0
global.js,69,js,f392e6fe,maxxyhc,2025-01-30,23:51:01,-08:00,2025-01-30T23:51:01-08:00,0,0
global.js,70,js,f392e6fe,maxxyhc,2025-01-30,23:51:01,-08:00,2025-01-30T23:51:01-08:00,0,63
global.js,71,js,f392e6fe,maxxyhc,2025-01-30,23:51:01,-08:00,2025-01-30T23:51:01-08:00,0,0
global.js,72,js,f392e6fe,maxxyhc,2025-01-30,23:51:01,-08:00,2025-01-30T23:51:01-08:00,0,52
global.js,73,js,f392e6fe,maxxyhc,2025-01-30,23:51:01,-08:00,2025-01-30T23:51:01-08:00,0,40
global.js,74,js,f392e6fe,maxxyhc,2025-01-30,23:51:01,-08:00,2025-01-30T23:51:01-08:00,0,66
global.js,75,js,f392e6fe,maxxyhc,2025-01-30,23:51:01,-08:00,2025-01-30T23:51:01-08:00,0,44
global.js,76,js,f392e6fe,maxxyhc,2025-01-30,23:51:01,-08:00,2025-01-30T23:51:01-08:00,0,2
global.js,77,js,f392e6fe,maxxyhc,2025-01-30,23:51:01,-08:00,2025-01-30T23:51:01-08:00,0,0
global.js,78,js,f392e6fe,maxxyhc,2025-01-30,23:51:01,-08:00,2025-01-30T23:51:01-08:00,0,40
global.js,79,js,f392e6fe,maxxyhc,2025-01-30,23:51:01,-08:00,2025-01-30T23:51:01-08:00,0,58
global.js,80,js,f392e6fe,maxxyhc,2025-01-30,23:51:01,-08:00,2025-01-30T23:51:01-08:00,0,63
global.js,81,js,f392e6fe,maxxyhc,2025-01-30,23:51:01,-08:00,2025-01-30T23:51:01-08:00,0,32
global.js,82,js,2353b4c9,maxxyhc,2025-01-31,19:22:52,-08:00,2025-01-31T19:22:52-08:00,0,0
global.js,83,js,2353b4c9,maxxyhc,2025-01-31,19:22:52,-08:00,2025-01-31T19:22:52-08:00,0,0
global.js,84,js,2353b4c9,maxxyhc,2025-01-31,19:22:52,-08:00,2025-01-31T19:22:52-08:00,0,14
global.js,85,js,2353b4c9,maxxyhc,2025-01-31,19:22:52,-08:00,2025-01-31T19:22:52-08:00,0,47
global.js,86,js,2353b4c9,maxxyhc,2025-01-31,19:22:52,-08:00,2025-01-31T19:22:52-08:00,0,37
global.js,87,js,2353b4c9,maxxyhc,2025-01-31,19:22:52,-08:00,2025-01-31T19:22:52-08:00,0,4
global.js,88,js,2353b4c9,maxxyhc,2025-01-31,19:22:52,-08:00,2025-01-31T19:22:52-08:00,0,40
global.js,89,js,2353b4c9,maxxyhc,2025-01-31,19:22:52,-08:00,2025-01-31T19:22:52-08:00,0,33
global.js,90,js,2353b4c9,maxxyhc,2025-01-31,19:22:52,-08:00,2025-01-31T19:22:52-08:00,0,55
global.js,91,js,2353b4c9,maxxyhc,2025-01-31,19:22:52,-08:00,2025-01-31T19:22:52-08:00,0,18
global.js,92,js,2353b4c9,maxxyhc,2025-01-31,19:22:52,-08:00,2025-01-31T19:22:52-08:00,0,67
global.js,93,js,2353b4c9,maxxyhc,2025-01-31,19:22:52,-08:00,2025-01-31T19:22:52-08:00,0,0
global.js,94,js,2353b4c9,maxxyhc,2025-01-31,19:22:52,-08:00,2025-01-31T19:22:52-08:00,0,20
global.js,95,js,2353b4c9,maxxyhc,2025-01-31,19:22:52,-08:00,2025-01-31T19:22:52-08:00,0,0
global.js,96,js,2353b4c9,maxxyhc,2025-01-31,19:22:52,-08:00,2025-01-31T19:22:52-08:00,0,34
global.js,97,js,2353b4c9,maxxyhc,2025-01-31,19:22:52,-08:00,2025-01-31T19:22:52-08:00,0,11
global.js,98,js,2353b4c9,maxxyhc,2025-01-31,19:22:52,-08:00,2025-01-31T19:22:52-08:00,0,0
global.js,99,js,2353b4c9,maxxyhc,2025-01-31,19:22:52,-08:00,2025-01-31T19:22:52-08:00,0,16
global.js,100,js,2353b4c9,maxxyhc,2025-01-31,19:22:52,-08:00,2025-01-31T19:22:52-08:00,0,60
global.js,101,js,2353b4c9,maxxyhc,2025-01-31,19:22:52,-08:00,2025-01-31T19:22:52-08:00,0,0
global.js,102,js,2353b4c9,maxxyhc,2025-01-31,19:22:52,-08:00,2025-01-31T19:22:52-08:00,0,0
global.js,103,js,2353b4c9,maxxyhc,2025-01-31,19:22:52,-08:00,2025-01-31T19:22:52-08:00,0,0
global.js,104,js,7cbad6bc,maxxyhc,2025-01-31,22:19:37,-08:00,2025-01-31T22:19:37-08:00,0,55
global.js,105,js,7cbad6bc,maxxyhc,2025-01-31,22:19:37,-08:00,2025-01-31T22:19:37-08:00,0,20
global.js,106,js,2353b4c9,maxxyhc,2025-01-31,19:22:52,-08:00,2025-01-31T19:22:52-08:00,0,0
global.js,107,js,2353b4c9,maxxyhc,2025-01-31,19:22:52,-08:00,2025-01-31T19:22:52-08:00,0,13
global.js,108,js,2353b4c9,maxxyhc,2025-01-31,19:22:52,-08:00,2025-01-31T19:22:52-08:00,0,79
global.js,109,js,2353b4c9,maxxyhc,2025-01-31,19:22:52,-08:00,2025-01-31T19:22:52-08:00,0,28
global.js,110,js,2353b4c9,maxxyhc,2025-01-31,19:22:52,-08:00,2025-01-31T19:22:52-08:00,0,67
global.js,111,js,2353b4c9,maxxyhc,2025-01-31,19:22:52,-08:00,2025-01-31T19:22:52-08:00,0,43
global.js,112,js,2353b4c9,maxxyhc,2025-01-31,19:22:52,-08:00,2025-01-31T19:22:52-08:00,0,6
global.js,113,js,2353b4c9,maxxyhc,2025-01-31,19:22:52,-08:00,2025-01-31T19:22:52-08:00,0,0
global.js,114,js,2353b4c9,maxxyhc,2025-01-31,19:22:52,-08:00,2025-01-31T19:22:52-08:00,0,0
global.js,115,js,2353b4c9,maxxyhc,2025-01-31,19:22:52,-08:00,2025-01-31T19:22:52-08:00,0,47
global.js,116,js,2353b4c9,maxxyhc,2025-01-31,19:22:52,-08:00,2025-01-31T19:22:52-08:00,0,29
global.js,117,js,2353b4c9,maxxyhc,2025-01-31,19:22:52,-08:00,2025-01-31T19:22:52-08:00,0,57
global.js,118,js,2353b4c9,maxxyhc,2025-01-31,19:22:52,-08:00,2025-01-31T19:22:52-08:00,0,6
global.js,119,js,2353b4c9,maxxyhc,2025-01-31,19:22:52,-08:00,2025-01-31T19:22:52-08:00,0,0
global.js,120,js,2353b4c9,maxxyhc,2025-01-31,19:22:52,-08:00,2025-01-31T19:22:52-08:00,0,0
global.js,121,js,2353b4c9,maxxyhc,2025-01-31,19:22:52,-08:00,2025-01-31T19:22:52-08:00,0,49
global.js,122,js,2353b4c9,maxxyhc,2025-01-31,19:22:52,-08:00,2025-01-31T19:22:52-08:00,0,31
global.js,123,js,2353b4c9,maxxyhc,2025-01-31,19:22:52,-08:00,2025-01-31T19:22:52-08:00,0,24
global.js,124,js,2353b4c9,maxxyhc,2025-01-31,19:22:52,-08:00,2025-01-31T19:22:52-08:00,0,49
global.js,125,js,2353b4c9,maxxyhc,2025-01-31,19:22:52,-08:00,2025-01-31T19:22:52-08:00,0,0
global.js,126,js,2353b4c9,maxxyhc,2025-01-31,19:22:52,-08:00,2025-01-31T19:22:52-08:00,0,33
global.js,127,js,2353b4c9,maxxyhc,2025-01-31,19:22:52,-08:00,2025-01-31T19:22:52-08:00,0,20
global.js,128,js,cf118aa6,maxxyhc,2025-02-12,12:35:00,-08:00,2025-02-12T12:35:00-08:00,0,28
global.js,129,js,cf118aa6,maxxyhc,2025-02-12,12:35:00,-08:00,2025-02-12T12:35:00-08:00,0,68
global.js,130,js,cf118aa6,maxxyhc,2025-02-12,12:35:00,-08:00,2025-02-12T12:35:00-08:00,0,64
global.js,131,js,cf118aa6,maxxyhc,2025-02-12,12:35:00,-08:00,2025-02-12T12:35:00-08:00,0,52
global.js,132,js,cf118aa6,maxxyhc,2025-02-12,12:35:00,-08:00,2025-02-12T12:35:00-08:00,0,44
global.js,133,js,cf118aa6,maxxyhc,2025-02-12,12:35:00,-08:00,2025-02-12T12:35:00-08:00,0,5
global.js,134,js,2353b4c9,maxxyhc,2025-01-31,19:22:52,-08:00,2025-01-31T19:22:52-08:00,0,1
global.js,135,js,2353b4c9,maxxyhc,2025-01-31,19:22:52,-08:00,2025-01-31T19:22:52-08:00,0,37
global.js,136,js,2353b4c9,maxxyhc,2025-01-31,19:22:52,-08:00,2025-01-31T19:22:52-08:00,0,0
global.js,137,js,2353b4c9,maxxyhc,2025-01-31,19:22:52,-08:00,2025-01-31T19:22:52-08:00,0,0
global.js,138,js,2353b4c9,maxxyhc,2025-01-31,19:22:52,-08:00,2025-01-31T19:22:52-08:00,0,0
global.js,139,js,7cbad6bc,maxxyhc,2025-01-31,22:19:37,-08:00,2025-01-31T22:19:37-08:00,0,48
global.js,140,js,7cbad6bc,maxxyhc,2025-01-31,22:19:37,-08:00,2025-01-31T22:19:37-08:00,0,46
global.js,141,js,7cbad6bc,maxxyhc,2025-01-31,22:19:37,-08:00,2025-01-31T22:19:37-08:00,0,43
global.js,142,js,7cbad6bc,maxxyhc,2025-01-31,22:19:37,-08:00,2025-01-31T22:19:37-08:00,0,0
global.js,143,js,7cbad6bc,maxxyhc,2025-01-31,22:19:37,-08:00,2025-01-31T22:19:37-08:00,0,48
global.js,144,js,7cbad6bc,maxxyhc,2025-01-31,22:19:37,-08:00,2025-01-31T22:19:37-08:00,0,60
global.js,145,js,7cbad6bc,maxxyhc,2025-01-31,22:19:37,-08:00,2025-01-31T22:19:37-08:00,0,0
resume/resume.css,1,css,2586f20f,maxxyhc,2025-01-17,18:58:06,-08:00,2025-01-17T18:58:06-08:00,0,5
resume/resume.css,2,css,2586f20f,maxxyhc,2025-01-17,18:58:06,-08:00,2025-01-17T18:58:06-08:00,0,25
resume/resume.css,3,css,2586f20f,maxxyhc,2025-01-17,18:58:06,-08:00,2025-01-17T18:58:06-08:00,0,0
resume/resume.css,4,css,2586f20f,maxxyhc,2025-01-17,18:58:06,-08:00,2025-01-17T18:58:06-08:00,0,15
resume/resume.css,5,css,2586f20f,maxxyhc,2025-01-17,18:58:06,-08:00,2025-01-17T18:58:06-08:00,0,12
resume/resume.css,6,css,2586f20f,maxxyhc,2025-01-17,18:58:06,-08:00,2025-01-17T18:58:06-08:00,0,0
resume/index.html,1,html,ba16edf4,maxxyhc,2025-01-10,20:47:32,-08:00,2025-01-10T20:47:32-08:00,0,14
resume/index.html,2,html,ba16edf4,maxxyhc,2025-01-10,20:47:32,-08:00,2025-01-10T20:47:32-08:00,0,15
resume/index.html,3,html,ba16edf4,maxxyhc,2025-01-10,20:47:32,-08:00,2025-01-10T20:47:32-08:00,0,5
resume/index.html,4,html,ba16edf4,maxxyhc,2025-01-10,20:47:32,-08:00,2025-01-10T20:47:32-08:00,0,21
resume/index.html,5,html,ba16edf4,maxxyhc,2025-01-10,20:47:32,-08:00,2025-01-10T20:47:32-08:00,0,69
resume/index.html,6,html,ba16edf4,maxxyhc,2025-01-10,20:47:32,-08:00,2025-01-10T20:47:32-08:00,0,31
resume/index.html,7,html,2586f20f,maxxyhc,2025-01-17,18:58:06,-08:00,2025-01-17T18:58:06-08:00,0,42
resume/index.html,8,html,2586f20f,maxxyhc,2025-01-17,18:58:06,-08:00,2025-01-17T18:58:06-08:00,0,42
resume/index.html,9,html,f392e6fe,maxxyhc,2025-01-30,23:51:01,-08:00,2025-01-30T23:51:01-08:00,0,49
resume/index.html,10,html,ba16edf4,maxxyhc,2025-01-10,20:47:32,-08:00,2025-01-10T20:47:32-08:00,0,18
resume/index.html,11,html,f392e6fe,maxxyhc,2025-01-30,23:51:01,-08:00,2025-01-30T23:51:01-08:00,0,9
resume/index.html,12,html,2586f20f,maxxyhc,2025-01-17,18:58:06,-08:00,2025-01-17T18:58:06-08:00,0,31
resume/index.html,13,html,2586f20f,maxxyhc,2025-01-17,18:58:06,-08:00,2025-01-17T18:58:06-08:00,0,44
resume/index.html,14,html,2586f20f,maxxyhc,2025-01-17,18:58:06,-08:00,2025-01-17T18:58:06-08:00,0,42
resume/index.html,15,html,f392e6fe,maxxyhc,2025-01-30,23:51:01,-08:00,2025-01-30T23:51:01-08:00,0,41
resume/index.html,16,html,f392e6fe,maxxyhc,2025-01-30,23:51:01,-08:00,2025-01-30T23:51:01-08:00,0,9
resume/index.html,17,html,2586f20f,maxxyhc,2025-01-17,18:58:06,-08:00,2025-01-17T18:58:06-08:00,0,6
resume/index.html,18,html,f392e6fe,maxxyhc,2025-01-30,23:51:01,-08:00,2025-01-30T23:51:01-08:00,0,25
resume/index.html,19,html,2586f20f,maxxyhc,2025-01-17,18:58:06,-08:00,2025-01-17T18:58:06-08:00,0,0
resume/index.html,20,html,ba16edf4,maxxyhc,2025-01-10,20:47:32,-08:00,2025-01-10T20:47:32-08:00,0,0
resume/index.html,21,html,ba16edf4,maxxyhc,2025-01-10,20:47:32,-08:00,2025-01-10T20:47:32-08:00,0,19
resume/index.html,22,html,ba16edf4,maxxyhc,2025-01-10,20:47:32,-08:00,2025-01-10T20:47:32-08:00,0,14
resume/index.html,23,html,ba16edf4,maxxyhc,2025-01-10,20:47:32,-08:00,2025-01-10T20:47:32-08:00,0,0
resume/index.html,24,html,ba16edf4,maxxyhc,2025-01-10,20:47:32,-08:00,2025-01-10T20:47:32-08:00,0,8
resume/index.html,25,html,ba16edf4,maxxyhc,2025-01-10,20:47:32,-08:00,2025-01-10T20:47:32-08:00,0,17
resume/index.html,26,html,ba16edf4,maxxyhc,2025-01-10,20:47:32,-08:00,2025-01-10T20:47:32-08:00,0,8
resume/index.html,27,html,ba16edf4,maxxyhc,2025-01-10,20:47:32,-08:00,2025-01-10T20:47:32-08:00,0,43
resume/index.html,28,html,ba16edf4,maxxyhc,2025-01-10,20:47:32,-08:00,2025-01-10T20:47:32-08:00,0,41
resume/index.html,29,html,ba16edf4,maxxyhc,2025-01-10,20:47:32,-08:00,2025-01-10T20:47:32-08:00,0,32
resume/index.html,30,html,ba16edf4,maxxyhc,2025-01-10,20:47:32,-08:00,2025-01-10T20:47:32-08:00,0,9
resume/index.html,31,html,ba16edf4,maxxyhc,2025-01-10,20:47:32,-08:00,2025-01-10T20:47:32-08:00,0,9
resume/index.html,32,html,ba16edf4,maxxyhc,2025-01-10,20:47:32,-08:00,2025-01-10T20:47:32-08:00,0,0
resume/index.html,33,html,ba16edf4,maxxyhc,2025-01-10,20:47:32,-08:00,2025-01-10T20:47:32-08:00,0,8
resume/index.html,34,html,ba16edf4,maxxyhc,2025-01-10,20:47:32,-08:00,2025-01-10T20:47:32-08:00,0,18
resume/index.html,35,html,ba16edf4,maxxyhc,2025-01-10,20:47:32,-08:00,2025-01-10T20:47:32-08:00,0,8
resume/index.html,36,html,ba16edf4,maxxyhc,2025-01-10,20:47:32,-08:00,2025-01-10T20:47:32-08:00,0,27
resume/index.html,37,html,ba16edf4,maxxyhc,2025-01-10,20:47:32,-08:00,2025-01-10T20:47:32-08:00,0,24
resume/index.html,38,html,ba16edf4,maxxyhc,2025-01-10,20:47:32,-08:00,2025-01-10T20:47:32-08:00,0,38
resume/index.html,39,html,ba16edf4,maxxyhc,2025-01-10,20:47:32,-08:00,2025-01-10T20:47:32-08:00,0,3
resume/index.html,40,html,ba16edf4,maxxyhc,2025-01-10,20:47:32,-08:00,2025-01-10T20:47:32-08:00,0,104
resume/index.html,41,html,ba16edf4,maxxyhc,2025-01-10,20:47:32,-08:00,2025-01-10T20:47:32-08:00,0,61
resume/index.html,42,html,ba16edf4,maxxyhc,2025-01-10,20:47:32,-08:00,2025-01-10T20:47:32-08:00,0,49
resume/index.html,43,html,ba16edf4,maxxyhc,2025-01-10,20:47:32,-08:00,2025-01-10T20:47:32-08:00,0,4
resume/index.html,44,html,ba16edf4,maxxyhc,2025-01-10,20:47:32,-08:00,2025-01-10T20:47:32-08:00,0,9
resume/index.html,45,html,ba16edf4,maxxyhc,2025-01-10,20:47:32,-08:00,2025-01-10T20:47:32-08:00,0,9
resume/index.html,46,html,ba16edf4,maxxyhc,2025-01-10,20:47:32,-08:00,2025-01-10T20:47:32-08:00,0,0
resume/index.html,47,html,ba16edf4,maxxyhc,2025-01-10,20:47:32,-08:00,2025-01-10T20:47:32-08:00,0,0
resume/index.html,48,html,ba16edf4,maxxyhc,2025-01-10,20:47:32,-08:00,2025-01-10T20:47:32-08:00,0,8
resume/index.html,49,html,ba16edf4,maxxyhc,2025-01-10,20:47:32,-08:00,2025-01-10T20:47:32-08:00,0,14
resume/index.html,50,html,ba16edf4,maxxyhc,2025-01-10,20:47:32,-08:00,2025-01-10T20:47:32-08:00,0,3
resume/index.html,51,html,ba16edf4,maxxyhc,2025-01-10,20:47:32,-08:00,2025-01-10T20:47:32-08:00,0,25
resume/index.html,52,html,ba16edf4,maxxyhc,2025-01-10,20:47:32,-08:00,2025-01-10T20:47:32-08:00,0,45
resume/index.html,53,html,ba16edf4,maxxyhc,2025-01-10,20:47:32,-08:00,2025-01-10T20:47:32-08:00,0,42
resume/index.html,54,html,ba16edf4,maxxyhc,2025-01-10,20:47:32,-08:00,2025-01-10T20:47:32-08:00,0,4
resume/index.html,55,html,ba16edf4,maxxyhc,2025-01-10,20:47:32,-08:00,2025-01-10T20:47:32-08:00,0,9
resume/index.html,56,html,ba16edf4,maxxyhc,2025-01-10,20:47:32,-08:00,2025-01-10T20:47:32-08:00,0,6
resume/index.html,57,html,ba16edf4,maxxyhc,2025-01-10,20:47:32,-08:00,2025-01-10T20:47:32-08:00,0,6
projects/projects.js,1,js,2353b4c9,maxxyhc,2025-01-31,19:22:52,-08:00,2025-01-31T19:22:52-08:00,0,56
projects/projects.js,2,js,cf118aa6,maxxyhc,2025-02-12,12:35:00,-08:00,2025-02-12T12:35:00-08:00,0,64
projects/projects.js,3,js,2353b4c9,maxxyhc,2025-01-31,19:22:52,-08:00,2025-01-31T19:22:52-08:00,0,0
projects/projects.js,4,js,cf118aa6,maxxyhc,2025-02-12,12:35:00,-08:00,2025-02-12T12:35:00-08:00,0,60
projects/projects.js,5,js,2353b4c9,maxxyhc,2025-01-31,19:22:52,-08:00,2025-01-31T19:22:52-08:00,0,61
projects/projects.js,6,js,2353b4c9,maxxyhc,2025-01-31,19:22:52,-08:00,2025-01-31T19:22:52-08:00,0,50
projects/projects.js,7,js,cf118aa6,maxxyhc,2025-02-12,12:35:00,-08:00,2025-02-12T12:35:00-08:00,0,56
projects/projects.js,8,js,cf118aa6,maxxyhc,2025-02-12,12:35:00,-08:00,2025-02-12T12:35:00-08:00,0,0
projects/projects.js,9,js,cf118aa6,maxxyhc,2025-02-12,12:35:00,-08:00,2025-02-12T12:35:00-08:00,0,61
projects/projects.js,10,js,cf118aa6,maxxyhc,2025-02-12,12:35:00,-08:00,2025-02-12T12:35:00-08:00,0,0
projects/projects.js,11,js,cf118aa6,maxxyhc,2025-02-12,12:35:00,-08:00,2025-02-12T12:35:00-08:00,0,17
projects/projects.js,12,js,cf118aa6,maxxyhc,2025-02-12,12:35:00,-08:00,2025-02-12T12:35:00-08:00,0,22
projects/projects.js,13,js,cf118aa6,maxxyhc,2025-02-12,12:35:00,-08:00,2025-02-12T12:35:00-08:00,0,14
projects/projects.js,14,js,0eceb396,maxxyhc,2025-01-31,22:49:41,-08:00,2025-01-31T22:49:41-08:00,0,0
projects/projects.js,15,js,cf118aa6,maxxyhc,2025-02-12,12:35:00,-08:00,2025-02-12T12:35:00-08:00,0,30
projects/projects.js,16,js,0eceb396,maxxyhc,2025-01-31,22:49:41,-08:00,2025-01-31T22:49:41-08:00,0,68
projects/projects.js,17,js,0eceb396,maxxyhc,2025-01-31,22:49:41,-08:00,2025-01-31T22:49:41-08:00,0,59
projects/projects.js,18,js,0eceb396,maxxyhc,2025-01-31,22:49:41,-08:00,2025-01-31T22:49:41-08:00,0,0
projects/projects.js,19,js,cf118aa6,maxxyhc,2025-02-12,12:35:00,-08:00,2025-02-12T12:35:00-08:00,0,19
projects/projects.js,20,js,cf118aa6,maxxyhc,2025-02-12,12:35:00,-08:00,2025-02-12T12:35:00-08:00,0,53
projects/projects.js,21,js,cf118aa6,maxxyhc,2025-02-12,12:35:00,-08:00,2025-02-12T12:35:00-08:00,0,28
projects/projects.js,22,js,cf118aa6,maxxyhc,2025-02-12,12:35:00,-08:00,2025-02-12T12:35:00-08:00,0,0
projects/projects.js,23,js,cf118aa6,maxxyhc,2025-02-12,12:35:00,-08:00,2025-02-12T12:35:00-08:00,0,39
projects/projects.js,24,js,cf118aa6,maxxyhc,2025-02-12,12:35:00,-08:00,2025-02-12T12:35:00-08:00,0,39
projects/projects.js,25,js,cf118aa6,maxxyhc,2025-02-12,12:35:00,-08:00,2025-02-12T12:35:00-08:00,0,57
projects/projects.js,26,js,cf118aa6,maxxyhc,2025-02-12,12:35:00,-08:00,2025-02-12T12:35:00-08:00,0,52
projects/projects.js,27,js,cf118aa6,maxxyhc,2025-02-12,12:35:00,-08:00,2025-02-12T12:35:00-08:00,0,58
projects/projects.js,28,js,cf118aa6,maxxyhc,2025-02-12,12:35:00,-08:00,2025-02-12T12:35:00-08:00,0,68
projects/projects.js,29,js,cf118aa6,maxxyhc,2025-02-12,12:35:00,-08:00,2025-02-12T12:35:00-08:00,0,0
projects/projects.js,30,js,cf118aa6,maxxyhc,2025-02-12,12:35:00,-08:00,2025-02-12T12:35:00-08:00,0,29
projects/projects.js,31,js,cf118aa6,maxxyhc,2025-02-12,12:35:00,-08:00,2025-02-12T12:35:00-08:00,0,13
projects/projects.js,32,js,cf118aa6,maxxyhc,2025-02-12,12:35:00,-08:00,2025-02-12T12:35:00-08:00,0,43
projects/projects.js,33,js,cf118aa6,maxxyhc,2025-02-12,12:35:00,-08:00,2025-02-12T12:35:00-08:00,0,33
projects/projects.js,34,js,cf118aa6,maxxyhc,2025-02-12,12:35:00,-08:00,2025-02-12T12:35:00-08:00,0,1
projects/projects.js,35,js,cf118aa6,maxxyhc,2025-02-12,12:35:00,-08:00,2025-02-12T12:35:00-08:00,0,0
projects/projects.js,36,js,cf118aa6,maxxyhc,2025-02-12,12:35:00,-08:00,2025-02-12T12:35:00-08:00,0,79
projects/projects.js,37,js,cf118aa6,maxxyhc,2025-02-12,12:35:00,-08:00,2025-02-12T12:35:00-08:00,0,0
projects/projects.js,38,js,cf118aa6,maxxyhc,2025-02-12,12:35:00,-08:00,2025-02-12T12:35:00-08:00,0,11
projects/projects.js,39,js,cf118aa6,maxxyhc,2025-02-12,12:35:00,-08:00,2025-02-12T12:35:00-08:00,0,72
projects/projects.js,40,js,cf118aa6,maxxyhc,2025-02-12,12:35:00,-08:00,2025-02-12T12:35:00-08:00,0,38
projects/projects.js,41,js,cf118aa6,maxxyhc,2025-02-12,12:35:00,-08:00,2025-02-12T12:35:00-08:00,0,0
projects/projects.js,42,js,cf118aa6,maxxyhc,2025-02-12,12:35:00,-08:00,2025-02-12T12:35:00-08:00,0,23
projects/projects.js,43,js,cf118aa6,maxxyhc,2025-02-12,12:35:00,-08:00,2025-02-12T12:35:00-08:00,0,29
projects/projects.js,44,js,cf118aa6,maxxyhc,2025-02-12,12:35:00,-08:00,2025-02-12T12:35:00-08:00,0,30
projects/projects.js,45,js,cf118aa6,maxxyhc,2025-02-12,12:35:00,-08:00,2025-02-12T12:35:00-08:00,0,58
projects/projects.js,46,js,cf118aa6,maxxyhc,2025-02-12,12:35:00,-08:00,2025-02-12T12:35:00-08:00,0,11
projects/projects.js,47,js,cf118aa6,maxxyhc,2025-02-12,12:35:00,-08:00,2025-02-12T12:35:00-08:00,0,77
projects/projects.js,48,js,cf118aa6,maxxyhc,2025-02-12,12:35:00,-08:00,2025-02-12T12:35:00-08:00,0,0
projects/projects.js,49,js,cf118aa6,maxxyhc,2025-02-12,12:35:00,-08:00,2025-02-12T12:35:00-08:00,0,17
projects/projects.js,50,js,cf118aa6,maxxyhc,2025-02-12,12:35:00,-08:00,2025-02-12T12:35:00-08:00,0,53
projects/projects.js,51,js,cf118aa6,maxxyhc,2025-02-12,12:35:00,-08:00,2025-02-12T12:35:00-08:00,0,36
projects/projects.js,52,js,cf118aa6,maxxyhc,2025-02-12,12:35:00,-08:00,2025-02-12T12:35:00-08:00,0,0
projects/projects.js,53,js,cf118aa6,maxxyhc,2025-02-12,12:35:00,-08:00,2025-02-12T12:35:00-08:00,0,69
projects/projects.js,54,js,cf118aa6,maxxyhc,2025-02-12,12:35:00,-08:00,2025-02-12T12:35:00-08:00,0,50
projects/projects.js,55,js,cf118aa6,maxxyhc,2025-02-12,12:35:00,-08:00,2025-02-12T12:35:00-08:00,0,0
projects/projects.js,56,js,cf118aa6,maxxyhc,2025-02-12,12:35:00,-08:00,2025-02-12T12:35:00-08:00,0,19
projects/projects.js,57,js,cf118aa6,maxxyhc,2025-02-12,12:35:00,-08:00,2025-02-12T12:35:00-08:00,0,28
projects/projects.js,58,js,cf118aa6,maxxyhc,2025-02-12,12:35:00,-08:00,2025-02-12T12:35:00-08:00,0,17
projects/projects.js,59,js,cf118aa6,maxxyhc,2025-02-12,12:35:00,-08:00,2025-02-12T12:35:00-08:00,0,26
projects/projects.js,60,js,cf118aa6,maxxyhc,2025-02-12,12:35:00,-08:00,2025-02-12T12:35:00-08:00,0,25
projects/projects.js,61,js,cf118aa6,maxxyhc,2025-02-12,12:35:00,-08:00,2025-02-12T12:35:00-08:00,0,54
projects/projects.js,62,js,cf118aa6,maxxyhc,2025-02-12,12:35:00,-08:00,2025-02-12T12:35:00-08:00,0,19
projects/projects.js,63,js,cf118aa6,maxxyhc,2025-02-12,12:35:00,-08:00,2025-02-12T12:35:00-08:00,0,48
projects/projects.js,64,js,cf118aa6,maxxyhc,2025-02-12,12:35:00,-08:00,2025-02-12T12:35:00-08:00,0,55
projects/projects.js,65,js,cf118aa6,maxxyhc,2025-02-12,12:35:00,-08:00,2025-02-12T12:35:00-08:00,0,2
projects/projects.js,66,js,cf118aa6,maxxyhc,2025-02-12,12:35:00,-08:00,2025-02-12T12:35:00-08:00,0,2
projects/projects.js,67,js,cf118aa6,maxxyhc,2025-02-12,12:35:00,-08:00,2025-02-12T12:35:00-08:00,0,0
projects/projects.js,68,js,cf118aa6,maxxyhc,2025-02-12,12:35:00,-08:00,2025-02-12T12:35:00-08:00,0,15
projects/projects.js,69,js,cf118aa6,maxxyhc,2025-02-12,12:35:00,-08:00,2025-02-12T12:35:00-08:00,0,35
projects/projects.js,70,js,cf118aa6,maxxyhc,2025-02-12,12:35:00,-08:00,2025-02-12T12:35:00-08:00,0,25
projects/projects.js,71,js,cf118aa6,maxxyhc,2025-02-12,12:35:00,-08:00,2025-02-12T12:35:00-08:00,0,18
projects/projects.js,72,js,cf118aa6,maxxyhc,2025-02-12,12:35:00,-08:00,2025-02-12T12:35:00-08:00,0,54
projects/projects.js,73,js,cf118aa6,maxxyhc,2025-02-12,12:35:00,-08:00,2025-02-12T12:35:00-08:00,0,6
projects/projects.js,74,js,cf118aa6,maxxyhc,2025-02-12,12:35:00,-08:00,2025-02-12T12:35:00-08:00,0,69
projects/projects.js,75,js,cf118aa6,maxxyhc,2025-02-12,12:35:00,-08:00,2025-02-12T12:35:00-08:00,0,31
projects/projects.js,76,js,cf118aa6,maxxyhc,2025-02-12,12:35:00,-08:00,2025-02-12T12:35:00-08:00,0,1
projects/projects.js,77,js,cf118aa6,maxxyhc,2025-02-12,12:35:00,-08:00,2025-02-12T12:35:00-08:00,0,19
projects/projects.js,78,js,cf118aa6,maxxyhc,2025-02-12,12:35:00,-08:00,2025-02-12T12:35:00-08:00,0,48
projects/projects.js,79,js,cf118aa6,maxxyhc,2025-02-12,12:35:00,-08:00,2025-02-12T12:35:00-08:00,0,55
projects/projects.js,80,js,cf118aa6,maxxyhc,2025-02-12,12:35:00,-08:00,2025-02-12T12:35:00-08:00,0,2
projects/projects.js,81,js,cf118aa6,maxxyhc,2025-02-12,12:35:00,-08:00,2025-02-12T12:35:00-08:00,0,2
projects/projects.js,82,js,cf118aa6,maxxyhc,2025-02-12,12:35:00,-08:00,2025-02-12T12:35:00-08:00,0,0
projects/projects.js,83,js,cf118aa6,maxxyhc,2025-02-12,12:35:00,-08:00,2025-02-12T12:35:00-08:00,0,0
projects/projects.js,84,js,cf118aa6,maxxyhc,2025-02-12,12:35:00,-08:00,2025-02-12T12:35:00-08:00,0,57
projects/projects.js,85,js,cf118aa6,maxxyhc,2025-02-12,12:35:00,-08:00,2025-02-12T12:35:00-08:00,0,34
projects/projects.js,86,js,cf118aa6,maxxyhc,2025-02-12,12:35:00,-08:00,2025-02-12T12:35:00-08:00,0,38
projects/projects.js,87,js,cf118aa6,maxxyhc,2025-02-12,12:35:00,-08:00,2025-02-12T12:35:00-08:00,0,65
projects/projects.js,88,js,cf118aa6,maxxyhc,2025-02-12,12:35:00,-08:00,2025-02-12T12:35:00-08:00,0,0
projects/projects.js,89,js,cf118aa6,maxxyhc,2025-02-12,12:35:00,-08:00,2025-02-12T12:35:00-08:00,0,25
projects/projects.js,90,js,cf118aa6,maxxyhc,2025-02-12,12:35:00,-08:00,2025-02-12T12:35:00-08:00,0,65
projects/projects.js,91,js,cf118aa6,maxxyhc,2025-02-12,12:35:00,-08:00,2025-02-12T12:35:00-08:00,0,0
projects/projects.js,92,js,cf118aa6,maxxyhc,2025-02-12,12:35:00,-08:00,2025-02-12T12:35:00-08:00,0,51
projects/projects.js,93,js,cf118aa6,maxxyhc,2025-02-12,12:35:00,-08:00,2025-02-12T12:35:00-08:00,0,56
projects/projects.js,94,js,cf118aa6,maxxyhc,2025-02-12,12:35:00,-08:00,2025-02-12T12:35:00-08:00,0,91
projects/projects.js,95,js,cf118aa6,maxxyhc,2025-02-12,12:35:00,-08:00,2025-02-12T12:35:00-08:00,0,0
projects/projects.js,96,js,cf118aa6,maxxyhc,2025-02-12,12:35:00,-08:00,2025-02-12T12:35:00-08:00,0,26
projects/projects.js,97,js,cf118aa6,maxxyhc,2025-02-12,12:35:00,-08:00,2025-02-12T12:35:00-08:00,0,67
projects/projects.js,98,js,cf118aa6,maxxyhc,2025-02-12,12:35:00,-08:00,2025-02-12T12:35:00-08:00,0,0
projects/projects.js,99,js,cf118aa6,maxxyhc,2025-02-12,12:35:00,-08:00,2025-02-12T12:35:00-08:00,0,0
projects/projects.js,100,js,cf118aa6,maxxyhc,2025-02-12,12:35:00,-08:00,2025-02-12T12:35:00-08:00,0,54
projects/projects.js,101,js,cf118aa6,maxxyhc,2025-02-12,12:35:00,-08:00,2025-02-12T12:35:00-08:00,0,59
projects/projects.js,102,js,cf118aa6,maxxyhc,2025-02-12,12:35:00,-08:00,2025-02-12T12:35:00-08:00,0,2
projects/projects.js,103,js,cf118aa6,maxxyhc,2025-02-12,12:35:00,-08:00,2025-02-12T12:35:00-08:00,0,0
projects/projects.js,104,js,cf118aa6,maxxyhc,2025-02-12,12:35:00,-08:00,2025-02-12T12:35:00-08:00,0,57
projects/projects.js,105,js,cf118aa6,maxxyhc,2025-02-12,12:35:00,-08:00,2025-02-12T12:35:00-08:00,0,0
projects/projects.js,106,js,cf118aa6,maxxyhc,2025-02-12,12:35:00,-08:00,2025-02-12T12:35:00-08:00,0,0
projects/projects.js,107,js,cf118aa6,maxxyhc,2025-02-12,12:35:00,-08:00,2025-02-12T12:35:00-08:00,0,22
projects/projects.js,108,js,cf118aa6,maxxyhc,2025-02-12,12:35:00,-08:00,2025-02-12T12:35:00-08:00,0,49
projects/projects.js,109,js,cf118aa6,maxxyhc,2025-02-12,12:35:00,-08:00,2025-02-12T12:35:00-08:00,0,40
projects/projects.js,110,js,cf118aa6,maxxyhc,2025-02-12,12:35:00,-08:00,2025-02-12T12:35:00-08:00,0,58
projects/projects.js,111,js,cf118aa6,maxxyhc,2025-02-12,12:35:00,-08:00,2025-02-12T12:35:00-08:00,0,70
projects/projects.js,112,js,cf118aa6,maxxyhc,2025-02-12,12:35:00,-08:00,2025-02-12T12:35:00-08:00,0,2
projects/projects.js,113,js,cf118aa6,maxxyhc,2025-02-12,12:35:00,-08:00,2025-02-12T12:35:00-08:00,0,0
projects/projects.js,114,js,cf118aa6,maxxyhc,2025-02-12,12:35:00,-08:00,2025-02-12T12:35:00-08:00,0,57
projects/projects.js,115,js,cf118aa6,maxxyhc,2025-02-12,12:35:00,-08:00,2025-02-12T12:35:00-08:00,0,78
projects/projects.js,116,js,cf118aa6,maxxyhc,2025-02-12,12:35:00,-08:00,2025-02-12T12:35:00-08:00,0,2
projects/project.css,1,css,2586f20f,maxxyhc,2025-01-17,18:58:06,-08:00,2025-01-17T18:58:06-08:00,0,10
projects/project.css,2,css,2586f20f,maxxyhc,2025-01-17,18:58:06,-08:00,2025-01-17T18:58:06-08:00,0,13
projects/project.css,3,css,2586f20f,maxxyhc,2025-01-17,18:58:06,-08:00,2025-01-17T18:58:06-08:00,0,58
projects/project.css,4,css,2586f20f,maxxyhc,2025-01-17,18:58:06,-08:00,2025-01-17T18:58:06-08:00,0,45
projects/project.css,5,css,2586f20f,maxxyhc,2025-01-17,18:58:06,-08:00,2025-01-17T18:58:06-08:00,0,11
projects/project.css,6,css,2586f20f,maxxyhc,2025-01-17,18:58:06,-08:00,2025-01-17T18:58:06-08:00,0,0
projects/project.css,7,css,2586f20f,maxxyhc,2025-01-17,18:58:06,-08:00,2025-01-17T18:58:06-08:00,0,0
projects/project.css,8,css,2586f20f,maxxyhc,2025-01-17,18:58:06,-08:00,2025-01-17T18:58:06-08:00,0,8
projects/project.css,9,css,2586f20f,maxxyhc,2025-01-17,18:58:06,-08:00,2025-01-17T18:58:06-08:00,0,27
projects/project.css,10,css,2586f20f,maxxyhc,2025-01-17,18:58:06,-08:00,2025-01-17T18:58:06-08:00,0,16
projects/project.css,11,css,2586f20f,maxxyhc,2025-01-17,18:58:06,-08:00,2025-01-17T18:58:06-08:00,0,0
projects/project.css,12,css,2586f20f,maxxyhc,2025-01-17,18:58:06,-08:00,2025-01-17T18:58:06-08:00,0,0
projects/project.css,13,css,2586f20f,maxxyhc,2025-01-17,18:58:06,-08:00,2025-01-17T18:58:06-08:00,0,3
projects/project.css,14,css,2586f20f,maxxyhc,2025-01-17,18:58:06,-08:00,2025-01-17T18:58:06-08:00,0,50
projects/project.css,15,css,2586f20f,maxxyhc,2025-01-17,18:58:06,-08:00,2025-01-17T18:58:06-08:00,0,44
projects/project.css,16,css,2586f20f,maxxyhc,2025-01-17,18:58:06,-08:00,2025-01-17T18:58:06-08:00,0,25
projects/project.css,17,css,2586f20f,maxxyhc,2025-01-17,18:58:06,-08:00,2025-01-17T18:58:06-08:00,0,0
projects/project.css,18,css,2586f20f,maxxyhc,2025-01-17,18:58:06,-08:00,2025-01-17T18:58:06-08:00,0,0
projects/project.css,19,css,2586f20f,maxxyhc,2025-01-17,18:58:06,-08:00,2025-01-17T18:58:06-08:00,0,3
projects/project.css,20,css,2586f20f,maxxyhc,2025-01-17,18:58:06,-08:00,2025-01-17T18:58:06-08:00,0,9
projects/project.css,21,css,2586f20f,maxxyhc,2025-01-17,18:58:06,-08:00,2025-01-17T18:58:06-08:00,0,0
projects/project.css,22,css,2586f20f,maxxyhc,2025-01-17,18:58:06,-08:00,2025-01-17T18:58:06-08:00,0,0
projects/project.css,23,css,2586f20f,maxxyhc,2025-01-17,18:58:06,-08:00,2025-01-17T18:58:06-08:00,0,18
projects/project.css,24,css,2586f20f,maxxyhc,2025-01-17,18:58:06,-08:00,2025-01-17T18:58:06-08:00,0,16
projects/project.css,25,css,2586f20f,maxxyhc,2025-01-17,18:58:06,-08:00,2025-01-17T18:58:06-08:00,0,18
projects/project.css,26,css,cf118aa6,maxxyhc,2025-02-12,12:35:00,-08:00,2025-02-12T12:35:00-08:00,0,0
projects/project.css,27,css,cf118aa6,maxxyhc,2025-02-12,12:35:00,-08:00,2025-02-12T12:35:00-08:00,0,0
projects/project.css,28,css,cf118aa6,maxxyhc,2025-02-12,12:35:00,-08:00,2025-02-12T12:35:00-08:00,0,22
projects/project.css,29,css,cf118aa6,maxxyhc,2025-02-12,12:35:00,-08:00,2025-02-12T12:35:00-08:00,0,15
projects/project.css,30,css,cf118aa6,maxxyhc,2025-02-12,12:35:00,-08:00,2025-02-12T12:35:00-08:00,0,31
projects/project.css,31,css,cf118aa6,maxxyhc,2025-02-12,12:35:00,-08:00,2025-02-12T12:35:00-08:00,0,15
projects/project.css,32,css,cf118aa6,maxxyhc,2025-02-12,12:35:00,-08:00,2025-02-12T12:35:00-08:00,0,19
projects/project.css,33,css,cf118aa6,maxxyhc,2025-02-12,12:35:00,-08:00,2025-02-12T12:35:00-08:00,0,16
projects/project.css,34,css,cf118aa6,maxxyhc,2025-02-12,12:35:00,-08:00,2025-02-12T12:35:00-08:00,0,17
projects/project.css,35,css,cf118aa6,maxxyhc,2025-02-12,12:35:00,-08:00,2025-02-12T12:35:00-08:00,0,9
projects/project.css,36,css,cf118aa6,maxxyhc,2025-02-12,12:35:00,-08:00,2025-02-12T12:35:00-08:00,0,13
projects/project.css,37,css,cf118aa6,maxxyhc,2025-02-12,12:35:00,-08:00,2025-02-12T12:35:00-08:00,0,0
projects/project.css,38,css,cf118aa6,maxxyhc,2025-02-12,12:35:00,-08:00,2025-02-12T12:35:00-08:00,0,0
projects/project.css,39,css,cf118aa6,maxxyhc,2025-02-12,12:35:00,-08:00,2025-02-12T12:35:00-08:00,0,19
projects/project.css,40,css,cf118aa6,maxxyhc,2025-02-12,12:35:00,-08:00,2025-02-12T12:35:00-08:00,0,16
projects/project.css,41,css,cf118aa6,maxxyhc,2025-02-12,12:35:00,-08:00,2025-02-12T12:35:00-08:00,0,11
projects/project.css,42,css,cf118aa6,maxxyhc,2025-02-12,12:35:00,-08:00,2025-02-12T12:35:00-08:00,0,19
projects/project.css,43,css,cf118aa6,maxxyhc,2025-02-12,12:35:00,-08:00,2025-02-12T12:35:00-08:00,0,12
projects/project.css,44,css,cf118aa6,maxxyhc,2025-02-12,12:35:00,-08:00,2025-02-12T12:35:00-08:00,0,38
projects/project.css,45,css,cf118aa6,maxxyhc,2025-02-12,12:35:00,-08:00,2025-02-12T12:35:00-08:00,0,0
projects/project.css,46,css,cf118aa6,maxxyhc,2025-02-12,12:35:00,-08:00,2025-02-12T12:35:00-08:00,0,0
projects/project.css,47,css,cf118aa6,maxxyhc,2025-02-12,12:35:00,-08:00,2025-02-12T12:35:00-08:00,0,25
projects/project.css,48,css,cf118aa6,maxxyhc,2025-02-12,12:35:00,-08:00,2025-02-12T12:35:00-08:00,0,22
projects/project.css,49,css,cf118aa6,maxxyhc,2025-02-12,12:35:00,-08:00,2025-02-12T12:35:00-08:00,0,0
projects/project.css,50,css,cf118aa6,maxxyhc,2025-02-12,12:35:00,-08:00,2025-02-12T12:35:00-08:00,0,0
projects/project.css,51,css,cf118aa6,maxxyhc,2025-02-12,12:35:00,-08:00,2025-02-12T12:35:00-08:00,0,5
projects/project.css,52,css,cf118aa6,maxxyhc,2025-02-12,12:35:00,-08:00,2025-02-12T12:35:00-08:00,0,33
projects/project.css,53,css,cf118aa6,maxxyhc,2025-02-12,12:35:00,-08:00,2025-02-12T12:35:00-08:00,0,0
projects/project.css,54,css,cf118aa6,maxxyhc,2025-02-12,12:35:00,-08:00,2025-02-12T12:35:00-08:00,0,0
projects/project.css,55,css,cf118aa6,maxxyhc,2025-02-12,12:35:00,-08:00,2025-02-12T12:35:00-08:00,0,24
projects/project.css,56,css,cf118aa6,maxxyhc,2025-02-12,12:35:00,-08:00,2025-02-12T12:35:00-08:00,0,8
projects/project.css,57,css,cf118aa6,maxxyhc,2025-02-12,12:35:00,-08:00,2025-02-12T12:35:00-08:00,0,13
projects/project.css,58,css,cf118aa6,maxxyhc,2025-02-12,12:35:00,-08:00,2025-02-12T12:35:00-08:00,0,7
projects/project.css,59,css,cf118aa6,maxxyhc,2025-02-12,12:35:00,-08:00,2025-02-12T12:35:00-08:00,0,58
projects/project.css,60,css,cf118aa6,maxxyhc,2025-02-12,12:35:00,-08:00,2025-02-12T12:35:00-08:00,0,11
projects/project.css,61,css,cf118aa6,maxxyhc,2025-02-12,12:35:00,-08:00,2025-02-12T12:35:00-08:00,0,13
projects/project.css,62,css,cf118aa6,maxxyhc,2025-02-12,12:35:00,-08:00,2025-02-12T12:35:00-08:00,0,22
projects/project.css,63,css,cf118aa6,maxxyhc,2025-02-12,12:35:00,-08:00,2025-02-12T12:35:00-08:00,0,18
projects/project.css,64,css,cf118aa6,maxxyhc,2025-02-12,12:35:00,-08:00,2025-02-12T12:35:00-08:00,0,25
projects/project.css,65,css,cf118aa6,maxxyhc,2025-02-12,12:35:00,-08:00,2025-02-12T12:35:00-08:00,0,0
projects/project.css,66,css,cf118aa6,maxxyhc,2025-02-12,12:35:00,-08:00,2025-02-12T12:35:00-08:00,0,0
projects/project.css,67,css,cf118aa6,maxxyhc,2025-02-12,12:35:00,-08:00,2025-02-12T12:35:00-08:00,0,11
projects/project.css,68,css,cf118aa6,maxxyhc,2025-02-12,12:35:00,-08:00,2025-02-12T12:35:00-08:00,0,16
projects/project.css,69,css,cf118aa6,maxxyhc,2025-02-12,12:35:00,-08:00,2025-02-12T12:35:00-08:00,0,13
projects/project.css,70,css,cf118aa6,maxxyhc,2025-02-12,12:35:00,-08:00,2025-02-12T12:35:00-08:00,0,19
projects/project.css,71,css,cf118aa6,maxxyhc,2025-02-12,12:35:00,-08:00,2025-02-12T12:35:00-08:00,0,11
projects/project.css,72,css,cf118aa6,maxxyhc,2025-02-12,12:35:00,-08:00,2025-02-12T12:35:00-08:00,0,12
projects/project.css,73,css,cf118aa6,maxxyhc,2025-02-12,12:35:00,-08:00,2025-02-12T12:35:00-08:00,0,0
projects/project.css,74,css,cf118aa6,maxxyhc,2025-02-12,12:35:00,-08:00,2025-02-12T12:35:00-08:00,0,0
projects/project.css,75,css,cf118aa6,maxxyhc,2025-02-12,12:35:00,-08:00,2025-02-12T12:35:00-08:00,0,8
projects/project.css,76,css,cf118aa6,maxxyhc,2025-02-12,12:35:00,-08:00,2025-02-12T12:35:00-08:00,0,11
projects/project.css,77,css,cf118aa6,maxxyhc,2025-02-12,12:35:00,-08:00,2025-02-12T12:35:00-08:00,0,12
projects/project.css,78,css,cf118aa6,maxxyhc,2025-02-12,12:35:00,-08:00,2025-02-12T12:35:00-08:00,0,21
projects/project.css,79,css,cf118aa6,maxxyhc,2025-02-12,12:35:00,-08:00,2025-02-12T12:35:00-08:00,0,18
projects/project.css,80,css,cf118aa6,maxxyhc,2025-02-12,12:35:00,-08:00,2025-02-12T12:35:00-08:00,0,0
projects/project.css,81,css,cf118aa6,maxxyhc,2025-02-12,12:35:00,-08:00,2025-02-12T12:35:00-08:00,0,0
projects/project.css,82,css,cf118aa6,maxxyhc,2025-02-12,12:35:00,-08:00,2025-02-12T12:35:00-08:00,0,11
projects/project.css,83,css,cf118aa6,maxxyhc,2025-02-12,12:35:00,-08:00,2025-02-12T12:35:00-08:00,0,12
projects/project.css,84,css,cf118aa6,maxxyhc,2025-02-12,12:35:00,-08:00,2025-02-12T12:35:00-08:00,0,16
projects/project.css,85,css,cf118aa6,maxxyhc,2025-02-12,12:35:00,-08:00,2025-02-12T12:35:00-08:00,0,15
projects/project.css,86,css,cf118aa6,maxxyhc,2025-02-12,12:35:00,-08:00,2025-02-12T12:35:00-08:00,0,22
projects/project.css,87,css,cf118aa6,maxxyhc,2025-02-12,12:35:00,-08:00,2025-02-12T12:35:00-08:00,0,18
projects/project.css,88,css,cf118aa6,maxxyhc,2025-02-12,12:35:00,-08:00,2025-02-12T12:35:00-08:00,0,15
projects/project.css,89,css,cf118aa6,maxxyhc,2025-02-12,12:35:00,-08:00,2025-02-12T12:35:00-08:00,0,18
projects/project.css,90,css,cf118aa6,maxxyhc,2025-02-12,12:35:00,-08:00,2025-02-12T12:35:00-08:00,0,0
projects/project.css,91,css,cf118aa6,maxxyhc,2025-02-12,12:35:00,-08:00,2025-02-12T12:35:00-08:00,0,17
projects/project.css,92,css,cf118aa6,maxxyhc,2025-02-12,12:35:00,-08:00,2025-02-12T12:35:00-08:00,0,19
projects/project.css,93,css,cf118aa6,maxxyhc,2025-02-12,12:35:00,-08:00,2025-02-12T12:35:00-08:00,0,42
projects/project.css,94,css,cf118aa6,maxxyhc,2025-02-12,12:35:00,-08:00,2025-02-12T12:35:00-08:00,0,0
projects/project.css,95,css,cf118aa6,maxxyhc,2025-02-12,12:35:00,-08:00,2025-02-12T12:35:00-08:00,0,0
projects/project.css,96,css,cf118aa6,maxxyhc,2025-02-12,12:35:00,-08:00,2025-02-12T12:35:00-08:00,0,18
projects/project.css,97,css,cf118aa6,maxxyhc,2025-02-12,12:35:00,-08:00,2025-02-12T12:35:00-08:00,0,17
projects/project.css,98,css,cf118aa6,maxxyhc,2025-02-12,12:35:00,-08:00,2025-02-12T12:35:00-08:00,0,12
projects/project.css,99,css,cf118aa6,maxxyhc,2025-02-12,12:35:00,-08:00,2025-02-12T12:35:00-08:00,0,0
projects/project.css,100,css,cf118aa6,maxxyhc,2025-02-12,12:35:00,-08:00,2025-02-12T12:35:00-08:00,0,0
projects/project.css,101,css,cf118aa6,maxxyhc,2025-02-12,12:35:00,-08:00,2025-02-12T12:35:00-08:00,0,0
projects/project.css,102,css,cf118aa6,maxxyhc,2025-02-12,12:35:00,-08:00,2025-02-12T12:35:00-08:00,0,4
projects/project.css,103,css,cf118aa6,maxxyhc,2025-02-12,12:35:00,-08:00,2025-02-12T12:35:00-08:00,0,17
projects/project.css,104,css,cf118aa6,maxxyhc,2025-02-12,12:35:00,-08:00,2025-02-12T12:35:00-08:00,0,0
projects/project.css,105,css,cf118aa6,maxxyhc,2025-02-12,12:35:00,-08:00,2025-02-12T12:35:00-08:00,0,0
projects/project.css,106,css,cf118aa6,maxxyhc,2025-02-12,12:35:00,-08:00,2025-02-12T12:35:00-08:00,0,10
projects/project.css,107,css,cf118aa6,maxxyhc,2025-02-12,12:35:00,-08:00,2025-02-12T12:35:00-08:00,0,36
projects/project.css,108,css,cf118aa6,maxxyhc,2025-02-12,12:35:00,-08:00,2025-02-12T12:35:00-08:00,0,0
projects/project.css,109,css,cf118aa6,maxxyhc,2025-02-12,12:35:00,-08:00,2025-02-12T12:35:00-08:00,0,11
projects/project.css,110,css,cf118aa6,maxxyhc,2025-02-12,12:35:00,-08:00,2025-02-12T12:35:00-08:00,0,18
projects/project.css,111,css,cf118aa6,maxxyhc,2025-02-12,12:35:00,-08:00,2025-02-12T12:35:00-08:00,0,0
projects/project.css,112,css,cf118aa6,maxxyhc,2025-02-12,12:35:00,-08:00,2025-02-12T12:35:00-08:00,0,0
projects/project.css,113,css,cf118aa6,maxxyhc,2025-02-12,12:35:00,-08:00,2025-02-12T12:35:00-08:00,0,0
projects/index.html,1,html,ba16edf4,maxxyhc,2025-01-10,20:47:32,-08:00,2025-01-10T20:47:32-08:00,0,14
projects/index.html,2,html,ba16edf4,maxxyhc,2025-01-10,20:47:32,-08:00,2025-01-10T20:47:32-08:00,0,15
projects/index.html,3,html,ba16edf4,maxxyhc,2025-01-10,20:47:32,-08:00,2025-01-10T20:47:32-08:00,0,5
projects/index.html,4,html,ba16edf4,maxxyhc,2025-01-10,20:47:32,-08:00,2025-01-10T20:47:32-08:00,0,21
projects/index.html,5,html,ba16edf4,maxxyhc,2025-01-10,20:47:32,-08:00,2025-01-10T20:47:32-08:00,0,69
projects/index.html,6,html,ba16edf4,maxxyhc,2025-01-10,20:47:32,-08:00,2025-01-10T20:47:32-08:00,0,22
projects/index.html,7,html,2586f20f,maxxyhc,2025-01-17,18:58:06,-08:00,2025-01-17T18:58:06-08:00,0,43
projects/index.html,8,html,ba16edf4,maxxyhc,2025-01-10,20:47:32,-08:00,2025-01-10T20:47:32-08:00,0,42
projects/index.html,9,html,f392e6fe,maxxyhc,2025-01-30,23:51:01,-08:00,2025-01-30T23:51:01-08:00,0,49
projects/index.html,10,html,2353b4c9,maxxyhc,2025-01-31,19:22:52,-08:00,2025-01-31T19:22:52-08:00,0,48
projects/index.html,11,html,2586f20f,maxxyhc,2025-01-17,18:58:06,-08:00,2025-01-17T18:58:06-08:00,0,6
projects/index.html,12,html,2586f20f,maxxyhc,2025-01-17,18:58:06,-08:00,2025-01-17T18:58:06-08:00,0,5
projects/index.html,13,html,f392e6fe,maxxyhc,2025-01-30,23:51:01,-08:00,2025-01-30T23:51:01-08:00,0,9
projects/index.html,14,html,ba16edf4,maxxyhc,2025-01-10,20:47:32,-08:00,2025-01-10T20:47:32-08:00,0,31
projects/index.html,15,html,f392e6fe,maxxyhc,2025-01-30,23:51:01,-08:00,2025-01-30T23:51:01-08:00,0,44
projects/index.html,16,html,ba16edf4,maxxyhc,2025-01-10,20:47:32,-08:00,2025-01-10T20:47:32-08:00,0,42
projects/index.html,17,html,2586f20f,maxxyhc,2025-01-17,18:58:06,-08:00,2025-01-17T18:58:06-08:00,0,40
projects/index.html,18,html,f392e6fe,maxxyhc,2025-01-30,23:51:01,-08:00,2025-01-30T23:51:01-08:00,0,9
projects/index.html,19,html,ba16edf4,maxxyhc,2025-01-10,20:47:32,-08:00,2025-01-10T20:47:32-08:00,0,16
projects/index.html,20,html,cf118aa6,maxxyhc,2025-02-12,12:35:00,-08:00,2025-02-12T12:35:00-08:00,0,25
projects/index.html,21,html,cf118aa6,maxxyhc,2025-02-12,12:35:00,-08:00,2025-02-12T12:35:00-08:00,0,53
projects/index.html,22,html,cf118aa6,maxxyhc,2025-02-12,12:35:00,-08:00,2025-02-12T12:35:00-08:00,0,78
projects/index.html,23,html,cf118aa6,maxxyhc,2025-02-12,12:35:00,-08:00,2025-02-12T12:35:00-08:00,0,41
projects/index.html,24,html,cf118aa6,maxxyhc,2025-02-12,12:35:00,-08:00,2025-02-12T12:35:00-08:00,0,5
projects/index.html,25,html,cf118aa6,maxxyhc,2025-02-12,12:35:00,-08:00,2025-02-12T12:35:00-08:00,0,18
projects/index.html,26,html,cf118aa6,maxxyhc,2025-02-12,12:35:00,-08:00,2025-02-12T12:35:00-08:00,0,48
projects/index.html,27,html,cf118aa6,maxxyhc,2025-02-12,12:35:00,-08:00,2025-02-12T12:35:00-08:00,0,4
projects/index.html,28,html,cf118aa6,maxxyhc,2025-02-12,12:35:00,-08:00,2025-02-12T12:35:00-08:00,0,0
projects/index.html,29,html,cf118aa6,maxxyhc,2025-02-12,12:35:00,-08:00,2025-02-12T12:35:00-08:00,0,23
projects/index.html,30,html,cf118aa6,maxxyhc,2025-02-12,12:35:00,-08:00,2025-02-12T12:35:00-08:00,0,12
projects/index.html,31,html,cf118aa6,maxxyhc,2025-02-12,12:35:00,-08:00,2025-02-12T12:35:00-08:00,0,27
projects/index.html,32,html,cf118aa6,maxxyhc,2025-02-12,12:35:00,-08:00,2025-02-12T12:35:00-08:00,0,32
projects/index.html,33,html,cf118aa6,maxxyhc,2025-02-12,12:35:00,-08:00,2025-02-12T12:35:00-08:00,0,1
projects/index.html,34,html,cf118aa6,maxxyhc,2025-02-12,12:35:00,-08:00,2025-02-12T12:35:00-08:00,0,0
projects/index.html,35,html,cf118aa6,maxxyhc,2025-02-12,12:35:00,-08:00,2025-02-12T12:35:00-08:00,0,5
projects/index.html,36,html,ba16edf4,maxxyhc,2025-01-10,20:47:32,-08:00,2025-01-10T20:47:32-08:00,0,0
projects/index.html,37,html,2586f20f,maxxyhc,2025-01-17,18:58:06,-08:00,2025-01-17T18:58:06-08:00,0,21
projects/index.html,38,html,cf118aa6,maxxyhc,2025-02-12,12:35:00,-08:00,2025-02-12T12:35:00-08:00,0,0
projects/index.html,39,html,2586f20f,maxxyhc,2025-01-17,18:58:06,-08:00,2025-01-17T18:58:06-08:00,0,5
projects/index.html,40,html,2586f20f,maxxyhc,2025-01-17,18:58:06,-08:00,2025-01-17T18:58:06-08:00,0,0
projects/index.html,41,html,ba16edf4,maxxyhc,2025-01-10,20:47:32,-08:00,2025-01-10T20:47:32-08:00,0,6
projects/index.html,42,html,ba16edf4,maxxyhc,2025-01-10,20:47:32,-08:00,2025-01-10T20:47:32-08:00,0,6
contact/index.html,1,html,ba16edf4,maxxyhc,2025-01-10,20:47:32,-08:00,2025-01-10T20:47:32-08:00,0,14
contact/index.html,2,html,ba16edf4,maxxyhc,2025-01-10,20:47:32,-08:00,2025-01-10T20:47:32-08:00,0,15
contact/index.html,3,html,ba16edf4,maxxyhc,2025-01-10,20:47:32,-08:00,2025-01-10T20:47:32-08:00,0,5
contact/index.html,4,html,ba16edf4,maxxyhc,2025-01-10,20:47:32,-08:00,2025-01-10T20:47:32-08:00,0,21
contact/index.html,5,html,ba16edf4,maxxyhc,2025-01-10,20:47:32,-08:00,2025-01-10T20:47:32-08:00,0,69
contact/index.html,6,html,ba16edf4,maxxyhc,2025-01-10,20:47:32,-08:00,2025-01-10T20:47:32-08:00,0,21
contact/index.html,7,html,2586f20f,maxxyhc,2025-01-17,18:58:06,-08:00,2025-01-17T18:58:06-08:00,0,48
contact/index.html,8,html,ba16edf4,maxxyhc,2025-01-10,20:47:32,-08:00,2025-01-10T20:47:32-08:00,0,42
contact/index.html,9,html,f392e6fe,maxxyhc,2025-01-30,23:51:01,-08:00,2025-01-30T23:51:01-08:00,0,49
contact/index.html,10,html,2586f20f,maxxyhc,2025-01-17,18:58:06,-08:00,2025-01-17T18:58:06-08:00,0,6
contact/index.html,11,html,f392e6fe,maxxyhc,2025-01-30,23:51:01,-08:00,2025-01-30T23:51:01-08:00,0,26
contact/index.html,12,html,f392e6fe,maxxyhc,2025-01-30,23:51:01,-08:00,2025-01-30T23:51:01-08:00,0,9
contact/index.html,13,html,2586f20f,maxxyhc,2025-01-17,18:58:06,-08:00,2025-01-17T18:58:06-08:00,0,32
contact/index.html,14,html,ba16edf4,maxxyhc,2025-01-10,20:47:32,-08:00,2025-01-10T20:47:32-08:00,0,44
contact/index.html,15,html,f392e6fe,maxxyhc,2025-01-30,23:51:01,-08:00,2025-01-30T23:51:01-08:00,0,42
contact/index.html,16,html,2586f20f,maxxyhc,2025-01-17,18:58:06,-08:00,2025-01-17T18:58:06-08:00,0,40
contact/index.html,17,html,f392e6fe,maxxyhc,2025-01-30,23:51:01,-08:00,2025-01-30T23:51:01-08:00,0,9
contact/index.html,18,html,2586f20f,maxxyhc,2025-01-17,18:58:06,-08:00,2025-01-17T18:58:06-08:00,0,18
contact/index.html,19,html,2586f20f,maxxyhc,2025-01-17,18:58:06,-08:00,2025-01-17T18:58:06-08:00,0,0
contact/index.html,20,html,ba16edf4,maxxyhc,2025-01-10,20:47:32,-08:00,2025-01-10T20:47:32-08:00,0,81
contact/index.html,21,html,ba16edf4,maxxyhc,2025-01-10,20:47:32,-08:00,2025-01-10T20:47:32-08:00,0,32
contact/index.html,22,html,ba16edf4,maxxyhc,2025-01-10,20:47:32,-08:00,2025-01-10T20:47:32-08:00,0,52
contact/index.html,23,html,ba16edf4,maxxyhc,2025-01-10,20:47:32,-08:00,2025-01-10T20:47:32-08:00,0,0
contact/index.html,24,html,ba16edf4,maxxyhc,2025-01-10,20:47:32,-08:00,2025-01-10T20:47:32-08:00,0,36
contact/index.html,25,html,ba16edf4,maxxyhc,2025-01-10,20:47:32,-08:00,2025-01-10T20:47:32-08:00,0,55
contact/index.html,26,html,ba16edf4,maxxyhc,2025-01-10,20:47:32,-08:00,2025-01-10T20:47:32-08:00,0,0
contact/index.html,27,html,ba16edf4,maxxyhc,2025-01-10,20:47:32,-08:00,2025-01-10T20:47:32-08:00,0,33
contact/index.html,28,html,2586f20f,maxxyhc,2025-01-17,18:58:06,-08:00,2025-01-17T18:58:06-08:00,0,70
contact/index.html,29,html,2586f20f,maxxyhc,2025-01-17,18:58:06,-08:00,2025-01-17T18:58:06-08:00,0,0
contact/index.html,30,html,ba16edf4,maxxyhc,2025-01-10,20:47:32,-08:00,2025-01-10T20:47:32-08:00,0,0
contact/index.html,31,html,2586f20f,maxxyhc,2025-01-17,18:58:06,-08:00,2025-01-17T18:58:06-08:00,0,20
contact/index.html,32,html,ba16edf4,maxxyhc,2025-01-10,20:47:32,-08:00,2025-01-10T20:47:32-08:00,0,6
contact/index.html,33,html,ba16edf4,maxxyhc,2025-01-10,20:47:32,-08:00,2025-01-10T20:47:32-08:00,0,6
contact/index.html,34,html,ba16edf4,maxxyhc,2025-01-10,20:47:32,-08:00,2025-01-10T20:47:32-08:00,0,6
contact/contactstyle.css,1,css,2586f20f,maxxyhc,2025-01-17,18:58:06,-08:00,2025-01-17T18:58:06-08:00,0,23
contact/contactstyle.css,2,css,2586f20f,maxxyhc,2025-01-17,18:58:06,-08:00,2025-01-17T18:58:06-08:00,0,38
contact/contactstyle.css,3,css,2586f20f,maxxyhc,2025-01-17,18:58:06,-08:00,2025-01-17T18:58:06-08:00,0,22
contact/contactstyle.css,4,css,2586f20f,maxxyhc,2025-01-17,18:58:06,-08:00,2025-01-17T18:58:06-08:00,0,11
contact/contactstyle.css,5,css,2586f20f,maxxyhc,2025-01-17,18:58:06,-08:00,2025-01-17T18:58:06-08:00,0,0
contact/contactstyle.css,6,css,2586f20f,maxxyhc,2025-01-17,18:58:06,-08:00,2025-01-17T18:58:06-08:00,0,0
contact/contactstyle.css,7,css,2586f20f,maxxyhc,2025-01-17,18:58:06,-08:00,2025-01-17T18:58:06-08:00,0,5
contact/contactstyle.css,8,css,2586f20f,maxxyhc,2025-01-17,18:58:06,-08:00,2025-01-17T18:58:06-08:00,0,29
contact/contactstyle.css,9,css,2586f20f,maxxyhc,2025-01-17,18:58:06,-08:00,2025-01-17T18:58:06-08:00,0,31
contact/contactstyle.css,10,css,2586f20f,maxxyhc,2025-01-17,18:58:06,-08:00,2025-01-17T18:58:06-08:00,0,8
contact/contactstyle.css,11,css,2586f20f,maxxyhc,2025-01-17,18:58:06,-08:00,2025-01-17T18:58:06-08:00,0,19
contact/contactstyle.css,12,css,2586f20f,maxxyhc,2025-01-17,18:58:06,-08:00,2025-01-17T18:58:06-08:00,0,0
contact/contactstyle.css,13,css,2586f20f,maxxyhc,2025-01-17,18:58:06,-08:00,2025-01-17T18:58:06-08:00,0,0
contact/contactstyle.css,14,css,2586f20f,maxxyhc,2025-01-17,18:58:06,-08:00,2025-01-17T18:58:06-08:00,0,6
contact/contactstyle.css,15,css,2586f20f,maxxyhc,2025-01-17,18:58:06,-08:00,2025-01-17T18:58:06-08:00,0,17
contact/contactstyle.css,16,css,2586f20f,maxxyhc,2025-01-17,18:58:06,-08:00,2025-01-17T18:58:06-08:00,0,30
contact/contactstyle.css,17,css,2586f20f,maxxyhc,2025-01-17,18:58:06,-08:00,2025-01-17T18:58:06-08:00,0,17
contact/contactstyle.css,18,css,2586f20f,maxxyhc,2025-01-17,18:58:06,-08:00,2025-01-17T18:58:06-08:00,0,12
contact/contactstyle.css,19,css,2586f20f,maxxyhc,2025-01-17,18:58:06,-08:00,2025-01-17T18:58:06-08:00,0,0
contact/contactstyle.css,20,css,2586f20f,maxxyhc,2025-01-17,18:58:06,-08:00,2025-01-17T18:58:06-08:00,0,0
contact/contactstyle.css,21,css,2586f20f,maxxyhc,2025-01-17,18:58:06,-08:00,2025-01-17T18:58:06-08:00,0,0
contact/contactstyle.css,22,css,2586f20f,maxxyhc,2025-01-17,18:58:06,-08:00,2025-01-17T18:58:06-08:00,0,7
contact/contactstyle.css,23,css,2586f20f,maxxyhc,2025-01-17,18:58:06,-08:00,2025-01-17T18:58:06-08:00,0,61
contact/contactstyle.css,24,css,2586f20f,maxxyhc,2025-01-17,18:58:06,-08:00,2025-01-17T18:58:06-08:00,0,54
contact/contactstyle.css,25,css,2586f20f,maxxyhc,2025-01-17,18:58:06,-08:00,2025-01-17T18:58:06-08:00,0,0
contact/contactstyle.css,26,css,2586f20f,maxxyhc,2025-01-17,18:58:06,-08:00,2025-01-17T18:58:06-08:00,0,0
contact/contactstyle.css,27,css,2586f20f,maxxyhc,2025-01-17,18:58:06,-08:00,2025-01-17T18:58:06-08:00,0,13
contact/contactstyle.css,28,css,2586f20f,maxxyhc,2025-01-17,18:58:06,-08:00,2025-01-17T18:58:06-08:00,0,65
contact/contactstyle.css,29,css,2586f20f,maxxyhc,2025-01-17,18:58:06,-08:00,2025-01-17T18:58:06-08:00,0,0
contact/contactstyle.css,30,css,2586f20f,maxxyhc,2025-01-17,18:58:06,-08:00,2025-01-17T18:58:06-08:00,0,0
contact/contactstyle.css,31,css,2586f20f,maxxyhc,2025-01-17,18:58:06,-08:00,2025-01-17T18:58:06-08:00,0,2
contact/contactstyle.css,32,css,2586f20f,maxxyhc,2025-01-17,18:58:06,-08:00,2025-01-17T18:58:06-08:00,0,25
contact/contactstyle.css,33,css,2586f20f,maxxyhc,2025-01-17,18:58:06,-08:00,2025-01-17T18:58:06-08:00,0,0
contact/contactstyle.css,34,css,2586f20f,maxxyhc,2025-01-17,18:58:06,-08:00,2025-01-17T18:58:06-08:00,0,0
contact/contactstyle.css,35,css,2586f20f,maxxyhc,2025-01-17,18:58:06,-08:00,2025-01-17T18:58:06-08:00,0,1
contact/contactstyle.css,36,css,2586f20f,maxxyhc,2025-01-17,18:58:06,-08:00,2025-01-17T18:58:06-08:00,0,12
contact/contactstyle.css,37,css,2586f20f,maxxyhc,2025-01-17,18:58:06,-08:00,2025-01-17T18:58:06-08:00,0,0
contact/contactstyle.css,38,css,f392e6fe,maxxyhc,2025-01-30,23:51:01,-08:00,2025-01-30T23:51:01-08:00,0,0
contact/contactstyle.css,39,css,f392e6fe,maxxyhc,2025-01-30,23:51:01,-08:00,2025-01-30T23:51:01-08:00,0,19
contact/contactstyle.css,40,css,f392e6fe,maxxyhc,2025-01-30,23:51:01,-08:00,2025-01-30T23:51:01-08:00,0,25
contact/contactstyle.css,41,css,f392e6fe,maxxyhc,2025-01-30,23:51:01,-08:00,2025-01-30T23:51:01-08:00,0,0
contact/contactstyle.css,42,css,f392e6fe,maxxyhc,2025-01-30,23:51:01,-08:00,2025-01-30T23:51:01-08:00,0,0
